athlete_id,date,availability
A0001,2026-07-06,full
A0001,2026-07-07,full
A0001,2026-07-08,full
A0001,2026-07-09,full
A0001,2026-07-10,full
A0001,2026-07-11,full
A0001,2026-07-12,full
A0001,2026-07-13,full
A0001,2026-07-14,full
A0001,2026-07-15,full
A0001,2026-07-16,full
A0001,2026-07-17,full
A0001,2026-07-18,full
A0001,2026-07-19,full
A0001,2026-07-20,full
A0001,2026-07-21,full
A0001,2026-07-22,full
A0001,2026-07-23,full
A0001,2026-07-24,full
A0001,2026-07-25,full
A0001,2026-07-26,full
A0001,2026-07-27,full
A0001,2026-07-28,full
A0001,2026-07-29,full
A0001,2026-07-30,full
A0001,2026-07-31,full
A0001,2026-08-01,modified
A0001,2026-08-02,full
A0001,2026-08-03,full
A0001,2026-08-04,full
A0001,2026-08-05,full
A0001,2026-08-06,full
A0001,2026-08-07,full
A0001,2026-08-08,full
A0001,2026-08-09,full
A0001,2026-08-10,full
A0001,2026-08-11,full
A0001,2026-08-12,full
A0001,2026-08-13,full
A0001,2026-08-14,full
A0001,2026-08-15,full
A0001,2026-08-16,full
A0001,2026-08-17,full
A0001,2026-08-18,full
A0001,2026-08-19,full
A0001,2026-08-20,full
A0001,2026-08-21,full
A0001,2026-08-22,full
A0001,2026-08-23,full
A0001,2026-08-24,full
A0001,2026-08-25,full
A0001,2026-08-26,full
A0001,2026-08-27,full
A0001,2026-08-28,full
A0001,2026-08-29,full
A0001,2026-08-30,full
A0001,2026-08-31,full
A0001,2026-09-01,full
A0001,2026-09-02,full
A0001,2026-09-03,full
A0001,2026-09-04,full
A0001,2026-09-05,full
A0001,2026-09-06,full
A0001,2026-09-07,full
A0001,2026-09-08,full
A0001,2026-09-09,full
A0001,2026-09-10,full
A0001,2026-09-11,full
A0001,2026-09-12,full
A0001,2026-09-13,full
A0001,2026-09-14,full
A0001,2026-09-15,full
A0001,2026-09-16,modified
A0001,2026-09-17,full
A0001,2026-09-18,full
A0001,2026-09-19,full
A0001,2026-09-20,full
A0001,2026-09-21,modified
A0001,2026-09-22,full
A0001,2026-09-23,full
A0001,2026-09-24,full
A0001,2026-09-25,full
A0001,2026-09-26,full
A0001,2026-09-27,full
A0001,2026-09-28,full
A0001,2026-09-29,full
A0001,2026-09-30,full
A0001,2026-10-01,full
A0001,2026-10-02,full
A0001,2026-10-03,full
A0002,2026-07-06,full
A0002,2026-07-07,full
A0002,2026-07-08,full
A0002,2026-07-09,full
A0002,2026-07-10,full
A0002,2026-07-11,full
A0002,2026-07-12,full
A0002,2026-07-13,full
A0002,2026-07-14,full
A0002,2026-07-15,full
A0002,2026-07-16,full
A0002,2026-07-17,full
A0002,2026-07-18,full
A0002,2026-07-19,full
A0002,2026-07-20,full
A0002,2026-07-21,full
A0002,2026-07-22,full
A0002,2026-07-23,full
A0002,2026-07-24,full
A0002,2026-07-25,full
A0002,2026-07-26,full
A0002,2026-07-27,full
A0002,2026-07-28,full
A0002,2026-07-29,full
A0002,2026-07-30,full
A0002,2026-07-31,full
A0002,2026-08-01,full
A0002,2026-08-02,full
A0002,2026-08-03,full
A0002,2026-08-04,full
A0002,2026-08-05,full
A0002,2026-08-06,full
A0002,2026-08-07,full
A0002,2026-08-08,full
A0002,2026-08-09,full
A0002,2026-08-10,full
A0002,2026-08-11,full
A0002,2026-08-12,full
A0002,2026-08-13,full
A0002,2026-08-14,full
A0002,2026-08-15,full
A0002,2026-08-16,full
A0002,2026-08-17,full
A0002,2026-08-18,full
A0002,2026-08-19,full
A0002,2026-08-20,full
A0002,2026-08-21,full
A0002,2026-08-22,full
A0002,2026-08-23,full
A0002,2026-08-24,full
A0002,2026-08-25,full
A0002,2026-08-26,full
A0002,2026-08-27,full
A0002,2026-08-28,full
A0002,2026-08-29,full
A0002,2026-08-30,full
A0002,2026-08-31,full
A0002,2026-09-01,full
A0002,2026-09-02,full
A0002,2026-09-03,full
A0002,2026-09-04,full
A0002,2026-09-05,full
A0002,2026-09-06,full
A0002,2026-09-07,full
A0002,2026-09-08,full
A0002,2026-09-09,full
A0002,2026-09-10,full
A0002,2026-09-11,full
A0002,2026-09-12,full
A0002,2026-09-13,full
A0002,2026-09-14,full
A0002,2026-09-15,full
A0002,2026-09-16,full
A0002,2026-09-17,full
A0002,2026-09-18,full
A0002,2026-09-19,full
A0002,2026-09-20,full
A0002,2026-09-21,full
A0002,2026-09-22,full
A0002,2026-09-23,full
A0002,2026-09-24,full
A0002,2026-09-25,full
A0002,2026-09-26,full
A0002,2026-09-27,full
A0002,2026-09-28,full
A0002,2026-09-29,full
A0002,2026-09-30,full
A0002,2026-10-01,full
A0002,2026-10-02,full
A0002,2026-10-03,full
A0003,2026-07-06,full
A0003,2026-07-07,full
A0003,2026-07-08,full
A0003,2026-07-09,full
A0003,2026-07-10,full
A0003,2026-07-11,full
A0003,2026-07-12,full
A0003,2026-07-13,full
A0003,2026-07-14,full
A0003,2026-07-15,full
A0003,2026-07-16,full
A0003,2026-07-17,full
A0003,2026-07-18,full
A0003,2026-07-19,full
A0003,2026-07-20,full
A0003,2026-07-21,full
A0003,2026-07-22,full
A0003,2026-07-23,full
A0003,2026-07-24,full
A0003,2026-07-25,full
A0003,2026-07-26,modified
A0003,2026-07-27,full
A0003,2026-07-28,full
A0003,2026-07-29,full
A0003,2026-07-30,full
A0003,2026-07-31,full
A0003,2026-08-01,full
A0003,2026-08-02,full
A0003,2026-08-03,full
A0003,2026-08-04,full
A0003,2026-08-05,full
A0003,2026-08-06,full
A0003,2026-08-07,full
A0003,2026-08-08,full
A0003,2026-08-09,full
A0003,2026-08-10,full
A0003,2026-08-11,full
A0003,2026-08-12,full
A0003,2026-08-13,full
A0003,2026-08-14,full
A0003,2026-08-15,full
A0003,2026-08-16,full
A0003,2026-08-17,full
A0003,2026-08-18,full
A0003,2026-08-19,full
A0003,2026-08-20,full
A0003,2026-08-21,full
A0003,2026-08-22,full
A0003,2026-08-23,full
A0003,2026-08-24,full
A0003,2026-08-25,full
A0003,2026-08-26,full
A0003,2026-08-27,full
A0003,2026-08-28,full
A0003,2026-08-29,full
A0003,2026-08-30,full
A0003,2026-08-31,full
A0003,2026-09-01,full
A0003,2026-09-02,full
A0003,2026-09-03,full
A0003,2026-09-04,full
A0003,2026-09-05,full
A0003,2026-09-06,full
A0003,2026-09-07,full
A0003,2026-09-08,full
A0003,2026-09-09,full
A0003,2026-09-10,full
A0003,2026-09-11,full
A0003,2026-09-12,full
A0003,2026-09-13,full
A0003,2026-09-14,full
A0003,2026-09-15,full
A0003,2026-09-16,full
A0003,2026-09-17,full
A0003,2026-09-18,full
A0003,2026-09-19,full
A0003,2026-09-20,full
A0003,2026-09-21,full
A0003,2026-09-22,full
A0003,2026-09-23,full
A0003,2026-09-24,full
A0003,2026-09-25,full
A0003,2026-09-26,full
A0003,2026-09-27,full
A0003,2026-09-28,full
A0003,2026-09-29,full
A0003,2026-09-30,full
A0003,2026-10-01,full
A0003,2026-10-02,full
A0003,2026-10-03,full
A0004,2026-07-06,full
A0004,2026-07-07,full
A0004,2026-07-08,full
A0004,2026-07-09,full
A0004,2026-07-10,full
A0004,2026-07-11,full
A0004,2026-07-12,full
A0004,2026-07-13,full
A0004,2026-07-14,full
A0004,2026-07-15,full
A0004,2026-07-16,full
A0004,2026-07-17,full
A0004,2026-07-18,full
A0004,2026-07-19,full
A0004,2026-07-20,full
A0004,2026-07-21,full
A0004,2026-07-22,full
A0004,2026-07-23,full
A0004,2026-07-24,full
A0004,2026-07-25,full
A0004,2026-07-26,full
A0004,2026-07-27,full
A0004,2026-07-28,full
A0004,2026-07-29,full
A0004,2026-07-30,full
A0004,2026-07-31,full
A0004,2026-08-01,modified
A0004,2026-08-02,full
A0004,2026-08-03,full
A0004,2026-08-04,full
A0004,2026-08-05,full
A0004,2026-08-06,full
A0004,2026-08-07,full
A0004,2026-08-08,full
A0004,2026-08-09,full
A0004,2026-08-10,full
A0004,2026-08-11,full
A0004,2026-08-12,full
A0004,2026-08-13,full
A0004,2026-08-14,full
A0004,2026-08-15,full
A0004,2026-08-16,full
A0004,2026-08-17,full
A0004,2026-08-18,out
A0004,2026-08-19,out
A0004,2026-08-20,out
A0004,2026-08-21,full
A0004,2026-08-22,full
A0004,2026-08-23,full
A0004,2026-08-24,full
A0004,2026-08-25,full
A0004,2026-08-26,full
A0004,2026-08-27,full
A0004,2026-08-28,full
A0004,2026-08-29,modified
A0004,2026-08-30,full
A0004,2026-08-31,full
A0004,2026-09-01,full
A0004,2026-09-02,full
A0004,2026-09-03,full
A0004,2026-09-04,full
A0004,2026-09-05,full
A0004,2026-09-06,full
A0004,2026-09-07,modified
A0004,2026-09-08,full
A0004,2026-09-09,full
A0004,2026-09-10,full
A0004,2026-09-11,full
A0004,2026-09-12,full
A0004,2026-09-13,full
A0004,2026-09-14,full
A0004,2026-09-15,full
A0004,2026-09-16,full
A0004,2026-09-17,full
A0004,2026-09-18,full
A0004,2026-09-19,full
A0004,2026-09-20,full
A0004,2026-09-21,full
A0004,2026-09-22,full
A0004,2026-09-23,full
A0004,2026-09-24,full
A0004,2026-09-25,full
A0004,2026-09-26,full
A0004,2026-09-27,full
A0004,2026-09-28,full
A0004,2026-09-29,full
A0004,2026-09-30,full
A0004,2026-10-01,full
A0004,2026-10-02,full
A0004,2026-10-03,full
A0005,2026-07-06,full
A0005,2026-07-07,modified
A0005,2026-07-08,full
A0005,2026-07-09,full
A0005,2026-07-10,full
A0005,2026-07-11,full
A0005,2026-07-12,full
A0005,2026-07-13,full
A0005,2026-07-14,full
A0005,2026-07-15,full
A0005,2026-07-16,full
A0005,2026-07-17,full
A0005,2026-07-18,full
A0005,2026-07-19,full
A0005,2026-07-20,full
A0005,2026-07-21,full
A0005,2026-07-22,full
A0005,2026-07-23,full
A0005,2026-07-24,full
A0005,2026-07-25,full
A0005,2026-07-26,full
A0005,2026-07-27,full
A0005,2026-07-28,full
A0005,2026-07-29,full
A0005,2026-07-30,full
A0005,2026-07-31,full
A0005,2026-08-01,full
A0005,2026-08-02,full
A0005,2026-08-03,full
A0005,2026-08-04,full
A0005,2026-08-05,full
A0005,2026-08-06,full
A0005,2026-08-07,full
A0005,2026-08-08,full
A0005,2026-08-09,full
A0005,2026-08-10,full
A0005,2026-08-11,full
A0005,2026-08-12,full
A0005,2026-08-13,full
A0005,2026-08-14,full
A0005,2026-08-15,full
A0005,2026-08-16,full
A0005,2026-08-17,full
A0005,2026-08-18,full
A0005,2026-08-19,full
A0005,2026-08-20,full
A0005,2026-08-21,full
A0005,2026-08-22,full
A0005,2026-08-23,full
A0005,2026-08-24,full
A0005,2026-08-25,full
A0005,2026-08-26,full
A0005,2026-08-27,full
A0005,2026-08-28,full
A0005,2026-08-29,full
A0005,2026-08-30,full
A0005,2026-08-31,full
A0005,2026-09-01,full
A0005,2026-09-02,full
A0005,2026-09-03,full
A0005,2026-09-04,full
A0005,2026-09-05,full
A0005,2026-09-06,full
A0005,2026-09-07,full
A0005,2026-09-08,full
A0005,2026-09-09,full
A0005,2026-09-10,full
A0005,2026-09-11,full
A0005,2026-09-12,full
A0005,2026-09-13,full
A0005,2026-09-14,full
A0005,2026-09-15,full
A0005,2026-09-16,full
A0005,2026-09-17,full
A0005,2026-09-18,full
A0005,2026-09-19,full
A0005,2026-09-20,full
A0005,2026-09-21,modified
A0005,2026-09-22,full
A0005,2026-09-23,full
A0005,2026-09-24,full
A0005,2026-09-25,full
A0005,2026-09-26,full
A0005,2026-09-27,full
A0005,2026-09-28,full
A0005,2026-09-29,full
A0005,2026-09-30,full
A0005,2026-10-01,full
A0005,2026-10-02,full
A0005,2026-10-03,full
A0006,2026-07-06,full
A0006,2026-07-07,full
A0006,2026-07-08,full
A0006,2026-07-09,full
A0006,2026-07-10,full
A0006,2026-07-11,full
A0006,2026-07-12,full
A0006,2026-07-13,full
A0006,2026-07-14,full
A0006,2026-07-15,full
A0006,2026-07-16,full
A0006,2026-07-17,full
A0006,2026-07-18,full
A0006,2026-07-19,full
A0006,2026-07-20,full
A0006,2026-07-21,full
A0006,2026-07-22,full
A0006,2026-07-23,full
A0006,2026-07-24,full
A0006,2026-07-25,full
A0006,2026-07-26,full
A0006,2026-07-27,full
A0006,2026-07-28,full
A0006,2026-07-29,full
A0006,2026-07-30,full
A0006,2026-07-31,full
A0006,2026-08-01,full
A0006,2026-08-02,full
A0006,2026-08-03,full
A0006,2026-08-04,full
A0006,2026-08-05,full
A0006,2026-08-06,full
A0006,2026-08-07,full
A0006,2026-08-08,full
A0006,2026-08-09,full
A0006,2026-08-10,full
A0006,2026-08-11,full
A0006,2026-08-12,full
A0006,2026-08-13,full
A0006,2026-08-14,full
A0006,2026-08-15,full
A0006,2026-08-16,full
A0006,2026-08-17,full
A0006,2026-08-18,full
A0006,2026-08-19,full
A0006,2026-08-20,full
A0006,2026-08-21,full
A0006,2026-08-22,full
A0006,2026-08-23,full
A0006,2026-08-24,full
A0006,2026-08-25,full
A0006,2026-08-26,full
A0006,2026-08-27,full
A0006,2026-08-28,full
A0006,2026-08-29,full
A0006,2026-08-30,full
A0006,2026-08-31,full
A0006,2026-09-01,full
A0006,2026-09-02,full
A0006,2026-09-03,full
A0006,2026-09-04,full
A0006,2026-09-05,full
A0006,2026-09-06,full
A0006,2026-09-07,full
A0006,2026-09-08,full
A0006,2026-09-09,modified
A0006,2026-09-10,full
A0006,2026-09-11,full
A0006,2026-09-12,full
A0006,2026-09-13,full
A0006,2026-09-14,full
A0006,2026-09-15,full
A0006,2026-09-16,full
A0006,2026-09-17,full
A0006,2026-09-18,full
A0006,2026-09-19,full
A0006,2026-09-20,full
A0006,2026-09-21,full
A0006,2026-09-22,full
A0006,2026-09-23,full
A0006,2026-09-24,full
A0006,2026-09-25,full
A0006,2026-09-26,full
A0006,2026-09-27,full
A0006,2026-09-28,full
A0006,2026-09-29,full
A0006,2026-09-30,full
A0006,2026-10-01,full
A0006,2026-10-02,full
A0006,2026-10-03,full
A0007,2026-07-06,full
A0007,2026-07-07,full
A0007,2026-07-08,full
A0007,2026-07-09,full
A0007,2026-07-10,full
A0007,2026-07-11,full
A0007,2026-07-12,full
A0007,2026-07-13,full
A0007,2026-07-14,full
A0007,2026-07-15,full
A0007,2026-07-16,full
A0007,2026-07-17,full
A0007,2026-07-18,full
A0007,2026-07-19,full
A0007,2026-07-20,full
A0007,2026-07-21,full
A0007,2026-07-22,full
A0007,2026-07-23,full
A0007,2026-07-24,full
A0007,2026-07-25,full
A0007,2026-07-26,full
A0007,2026-07-27,full
A0007,2026-07-28,full
A0007,2026-07-29,full
A0007,2026-07-30,full
A0007,2026-07-31,full
A0007,2026-08-01,full
A0007,2026-08-02,full
A0007,2026-08-03,full
A0007,2026-08-04,full
A0007,2026-08-05,full
A0007,2026-08-06,full
A0007,2026-08-07,full
A0007,2026-08-08,full
A0007,2026-08-09,full
A0007,2026-08-10,full
A0007,2026-08-11,full
A0007,2026-08-12,full
A0007,2026-08-13,full
A0007,2026-08-14,full
A0007,2026-08-15,full
A0007,2026-08-16,full
A0007,2026-08-17,full
A0007,2026-08-18,full
A0007,2026-08-19,full
A0007,2026-08-20,full
A0007,2026-08-21,full
A0007,2026-08-22,full
A0007,2026-08-23,full
A0007,2026-08-24,full
A0007,2026-08-25,full
A0007,2026-08-26,full
A0007,2026-08-27,full
A0007,2026-08-28,full
A0007,2026-08-29,full
A0007,2026-08-30,full
A0007,2026-08-31,full
A0007,2026-09-01,full
A0007,2026-09-02,full
A0007,2026-09-03,full
A0007,2026-09-04,full
A0007,2026-09-05,full
A0007,2026-09-06,full
A0007,2026-09-07,full
A0007,2026-09-08,full
A0007,2026-09-09,full
A0007,2026-09-10,full
A0007,2026-09-11,full
A0007,2026-09-12,full
A0007,2026-09-13,full
A0007,2026-09-14,full
A0007,2026-09-15,full
A0007,2026-09-16,full
A0007,2026-09-17,full
A0007,2026-09-18,full
A0007,2026-09-19,full
A0007,2026-09-20,full
A0007,2026-09-21,full
A0007,2026-09-22,full
A0007,2026-09-23,full
A0007,2026-09-24,full
A0007,2026-09-25,full
A0007,2026-09-26,full
A0007,2026-09-27,full
A0007,2026-09-28,full
A0007,2026-09-29,full
A0007,2026-09-30,full
A0007,2026-10-01,full
A0007,2026-10-02,full
A0007,2026-10-03,full
A0008,2026-07-06,full
A0008,2026-07-07,full
A0008,2026-07-08,full
A0008,2026-07-09,full
A0008,2026-07-10,full
A0008,2026-07-11,full
A0008,2026-07-12,full
A0008,2026-07-13,full
A0008,2026-07-14,full
A0008,2026-07-15,full
A0008,2026-07-16,full
A0008,2026-07-17,full
A0008,2026-07-18,full
A0008,2026-07-19,full
A0008,2026-07-20,full
A0008,2026-07-21,full
A0008,2026-07-22,full
A0008,2026-07-23,full
A0008,2026-07-24,full
A0008,2026-07-25,full
A0008,2026-07-26,full
A0008,2026-07-27,full
A0008,2026-07-28,full
A0008,2026-07-29,full
A0008,2026-07-30,full
A0008,2026-07-31,full
A0008,2026-08-01,full
A0008,2026-08-02,full
A0008,2026-08-03,full
A0008,2026-08-04,full
A0008,2026-08-05,full
A0008,2026-08-06,full
A0008,2026-08-07,full
A0008,2026-08-08,full
A0008,2026-08-09,full
A0008,2026-08-10,full
A0008,2026-08-11,full
A0008,2026-08-12,full
A0008,2026-08-13,full
A0008,2026-08-14,full
A0008,2026-08-15,full
A0008,2026-08-16,full
A0008,2026-08-17,full
A0008,2026-08-18,full
A0008,2026-08-19,full
A0008,2026-08-20,full
A0008,2026-08-21,full
A0008,2026-08-22,full
A0008,2026-08-23,full
A0008,2026-08-24,full
A0008,2026-08-25,full
A0008,2026-08-26,full
A0008,2026-08-27,full
A0008,2026-08-28,full
A0008,2026-08-29,full
A0008,2026-08-30,full
A0008,2026-08-31,full
A0008,2026-09-01,full
A0008,2026-09-02,full
A0008,2026-09-03,full
A0008,2026-09-04,full
A0008,2026-09-05,full
A0008,2026-09-06,full
A0008,2026-09-07,full
A0008,2026-09-08,full
A0008,2026-09-09,full
A0008,2026-09-10,full
A0008,2026-09-11,full
A0008,2026-09-12,full
A0008,2026-09-13,full
A0008,2026-09-14,full
A0008,2026-09-15,full
A0008,2026-09-16,full
A0008,2026-09-17,full
A0008,2026-09-18,full
A0008,2026-09-19,full
A0008,2026-09-20,full
A0008,2026-09-21,full
A0008,2026-09-22,full
A0008,2026-09-23,full
A0008,2026-09-24,full
A0008,2026-09-25,full
A0008,2026-09-26,full
A0008,2026-09-27,full
A0008,2026-09-28,full
A0008,2026-09-29,full
A0008,2026-09-30,full
A0008,2026-10-01,full
A0008,2026-10-02,full
A0008,2026-10-03,full
A0009,2026-07-06,full
A0009,2026-07-07,full
A0009,2026-07-08,full
A0009,2026-07-09,full
A0009,2026-07-10,full
A0009,2026-07-11,full
A0009,2026-07-12,full
A0009,2026-07-13,full
A0009,2026-07-14,full
A0009,2026-07-15,full
A0009,2026-07-16,full
A0009,2026-07-17,full
A0009,2026-07-18,full
A0009,2026-07-19,full
A0009,2026-07-20,full
A0009,2026-07-21,full
A0009,2026-07-22,full
A0009,2026-07-23,full
A0009,2026-07-24,full
A0009,2026-07-25,full
A0009,2026-07-26,full
A0009,2026-07-27,full
A0009,2026-07-28,full
A0009,2026-07-29,full
A0009,2026-07-30,full
A0009,2026-07-31,full
A0009,2026-08-01,full
A0009,2026-08-02,full
A0009,2026-08-03,full
A0009,2026-08-04,full
A0009,2026-08-05,full
A0009,2026-08-06,full
A0009,2026-08-07,full
A0009,2026-08-08,full
A0009,2026-08-09,full
A0009,2026-08-10,full
A0009,2026-08-11,full
A0009,2026-08-12,full
A0009,2026-08-13,full
A0009,2026-08-14,full
A0009,2026-08-15,full
A0009,2026-08-16,full
A0009,2026-08-17,full
A0009,2026-08-18,full
A0009,2026-08-19,full
A0009,2026-08-20,full
A0009,2026-08-21,full
A0009,2026-08-22,full
A0009,2026-08-23,full
A0009,2026-08-24,full
A0009,2026-08-25,full
A0009,2026-08-26,full
A0009,2026-08-27,full
A0009,2026-08-28,full
A0009,2026-08-29,full
A0009,2026-08-30,full
A0009,2026-08-31,full
A0009,2026-09-01,full
A0009,2026-09-02,full
A0009,2026-09-03,full
A0009,2026-09-04,full
A0009,2026-09-05,full
A0009,2026-09-06,full
A0009,2026-09-07,full
A0009,2026-09-08,full
A0009,2026-09-09,full
A0009,2026-09-10,full
A0009,2026-09-11,full
A0009,2026-09-12,full
A0009,2026-09-13,full
A0009,2026-09-14,full
A0009,2026-09-15,full
A0009,2026-09-16,full
A0009,2026-09-17,full
A0009,2026-09-18,full
A0009,2026-09-19,full
A0009,2026-09-20,full
A0009,2026-09-21,full
A0009,2026-09-22,full
A0009,2026-09-23,full
A0009,2026-09-24,full
A0009,2026-09-25,full
A0009,2026-09-26,full
A0009,2026-09-27,full
A0009,2026-09-28,full
A0009,2026-09-29,full
A0009,2026-09-30,full
A0009,2026-10-01,full
A0009,2026-10-02,full
A0009,2026-10-03,full
A0010,2026-07-06,full
A0010,2026-07-07,full
A0010,2026-07-08,full
A0010,2026-07-09,full
A0010,2026-07-10,full
A0010,2026-07-11,full
A0010,2026-07-12,full
A0010,2026-07-13,full
A0010,2026-07-14,full
A0010,2026-07-15,full
A0010,2026-07-16,full
A0010,2026-07-17,full
A0010,2026-07-18,full
A0010,2026-07-19,full
A0010,2026-07-20,full
A0010,2026-07-21,full
A0010,2026-07-22,full
A0010,2026-07-23,full
A0010,2026-07-24,full
A0010,2026-07-25,full
A0010,2026-07-26,full
A0010,2026-07-27,full
A0010,2026-07-28,full
A0010,2026-07-29,full
A0010,2026-07-30,full
A0010,2026-07-31,full
A0010,2026-08-01,full
A0010,2026-08-02,full
A0010,2026-08-03,full
A0010,2026-08-04,full
A0010,2026-08-05,full
A0010,2026-08-06,full
A0010,2026-08-07,modified
A0010,2026-08-08,full
A0010,2026-08-09,full
A0010,2026-08-10,full
A0010,2026-08-11,full
A0010,2026-08-12,full
A0010,2026-08-13,full
A0010,2026-08-14,full
A0010,2026-08-15,full
A0010,2026-08-16,full
A0010,2026-08-17,full
A0010,2026-08-18,full
A0010,2026-08-19,full
A0010,2026-08-20,full
A0010,2026-08-21,full
A0010,2026-08-22,modified
A0010,2026-08-23,full
A0010,2026-08-24,full
A0010,2026-08-25,full
A0010,2026-08-26,full
A0010,2026-08-27,full
A0010,2026-08-28,full
A0010,2026-08-29,full
A0010,2026-08-30,full
A0010,2026-08-31,full
A0010,2026-09-01,full
A0010,2026-09-02,full
A0010,2026-09-03,full
A0010,2026-09-04,full
A0010,2026-09-05,full
A0010,2026-09-06,full
A0010,2026-09-07,full
A0010,2026-09-08,full
A0010,2026-09-09,full
A0010,2026-09-10,full
A0010,2026-09-11,full
A0010,2026-09-12,full
A0010,2026-09-13,full
A0010,2026-09-14,full
A0010,2026-09-15,full
A0010,2026-09-16,full
A0010,2026-09-17,full
A0010,2026-09-18,full
A0010,2026-09-19,full
A0010,2026-09-20,full
A0010,2026-09-21,full
A0010,2026-09-22,full
A0010,2026-09-23,full
A0010,2026-09-24,full
A0010,2026-09-25,full
A0010,2026-09-26,full
A0010,2026-09-27,full
A0010,2026-09-28,full
A0010,2026-09-29,full
A0010,2026-09-30,full
A0010,2026-10-01,full
A0010,2026-10-02,full
A0010,2026-10-03,full
A0011,2026-07-06,full
A0011,2026-07-07,full
A0011,2026-07-08,full
A0011,2026-07-09,full
A0011,2026-07-10,full
A0011,2026-07-11,full
A0011,2026-07-12,full
A0011,2026-07-13,full
A0011,2026-07-14,full
A0011,2026-07-15,full
A0011,2026-07-16,full
A0011,2026-07-17,full
A0011,2026-07-18,full
A0011,2026-07-19,full
A0011,2026-07-20,full
A0011,2026-07-21,full
A0011,2026-07-22,full
A0011,2026-07-23,full
A0011,2026-07-24,full
A0011,2026-07-25,full
A0011,2026-07-26,full
A0011,2026-07-27,full
A0011,2026-07-28,full
A0011,2026-07-29,full
A0011,2026-07-30,full
A0011,2026-07-31,full
A0011,2026-08-01,full
A0011,2026-08-02,full
A0011,2026-08-03,full
A0011,2026-08-04,full
A0011,2026-08-05,full
A0011,2026-08-06,full
A0011,2026-08-07,full
A0011,2026-08-08,modified
A0011,2026-08-09,full
A0011,2026-08-10,full
A0011,2026-08-11,full
A0011,2026-08-12,full
A0011,2026-08-13,full
A0011,2026-08-14,full
A0011,2026-08-15,full
A0011,2026-08-16,full
A0011,2026-08-17,modified
A0011,2026-08-18,full
A0011,2026-08-19,full
A0011,2026-08-20,full
A0011,2026-08-21,full
A0011,2026-08-22,full
A0011,2026-08-23,full
A0011,2026-08-24,full
A0011,2026-08-25,full
A0011,2026-08-26,full
A0011,2026-08-27,full
A0011,2026-08-28,full
A0011,2026-08-29,full
A0011,2026-08-30,full
A0011,2026-08-31,full
A0011,2026-09-01,full
A0011,2026-09-02,full
A0011,2026-09-03,full
A0011,2026-09-04,full
A0011,2026-09-05,full
A0011,2026-09-06,full
A0011,2026-09-07,full
A0011,2026-09-08,full
A0011,2026-09-09,full
A0011,2026-09-10,full
A0011,2026-09-11,full
A0011,2026-09-12,full
A0011,2026-09-13,full
A0011,2026-09-14,full
A0011,2026-09-15,full
A0011,2026-09-16,full
A0011,2026-09-17,full
A0011,2026-09-18,full
A0011,2026-09-19,full
A0011,2026-09-20,full
A0011,2026-09-21,full
A0011,2026-09-22,full
A0011,2026-09-23,full
A0011,2026-09-24,full
A0011,2026-09-25,full
A0011,2026-09-26,full
A0011,2026-09-27,full
A0011,2026-09-28,full
A0011,2026-09-29,full
A0011,2026-09-30,full
A0011,2026-10-01,full
A0011,2026-10-02,full
A0011,2026-10-03,full
A0012,2026-07-06,full
A0012,2026-07-07,full
A0012,2026-07-08,full
A0012,2026-07-09,full
A0012,2026-07-10,full
A0012,2026-07-11,full
A0012,2026-07-12,full
A0012,2026-07-13,full
A0012,2026-07-14,full
A0012,2026-07-15,full
A0012,2026-07-16,full
A0012,2026-07-17,full
A0012,2026-07-18,full
A0012,2026-07-19,full
A0012,2026-07-20,full
A0012,2026-07-21,full
A0012,2026-07-22,full
A0012,2026-07-23,full
A0012,2026-07-24,full
A0012,2026-07-25,full
A0012,2026-07-26,full
A0012,2026-07-27,full
A0012,2026-07-28,full
A0012,2026-07-29,full
A0012,2026-07-30,full
A0012,2026-07-31,full
A0012,2026-08-01,full
A0012,2026-08-02,modified
A0012,2026-08-03,full
A0012,2026-08-04,full
A0012,2026-08-05,full
A0012,2026-08-06,full
A0012,2026-08-07,full
A0012,2026-08-08,full
A0012,2026-08-09,full
A0012,2026-08-10,full
A0012,2026-08-11,full
A0012,2026-08-12,full
A0012,2026-08-13,full
A0012,2026-08-14,full
A0012,2026-08-15,modified
A0012,2026-08-16,full
A0012,2026-08-17,full
A0012,2026-08-18,full
A0012,2026-08-19,full
A0012,2026-08-20,full
A0012,2026-08-21,full
A0012,2026-08-22,full
A0012,2026-08-23,full
A0012,2026-08-24,full
A0012,2026-08-25,full
A0012,2026-08-26,full
A0012,2026-08-27,full
A0012,2026-08-28,modified
A0012,2026-08-29,full
A0012,2026-08-30,full
A0012,2026-08-31,full
A0012,2026-09-01,full
A0012,2026-09-02,full
A0012,2026-09-03,full
A0012,2026-09-04,full
A0012,2026-09-05,full
A0012,2026-09-06,full
A0012,2026-09-07,full
A0012,2026-09-08,full
A0012,2026-09-09,full
A0012,2026-09-10,full
A0012,2026-09-11,full
A0012,2026-09-12,full
A0012,2026-09-13,full
A0012,2026-09-14,full
A0012,2026-09-15,full
A0012,2026-09-16,full
A0012,2026-09-17,full
A0012,2026-09-18,full
A0012,2026-09-19,full
A0012,2026-09-20,full
A0012,2026-09-21,full
A0012,2026-09-22,full
A0012,2026-09-23,full
A0012,2026-09-24,full
A0012,2026-09-25,full
A0012,2026-09-26,full
A0012,2026-09-27,full
A0012,2026-09-28,full
A0012,2026-09-29,full
A0012,2026-09-30,full
A0012,2026-10-01,full
A0012,2026-10-02,full
A0012,2026-10-03,full
A0013,2026-07-06,full
A0013,2026-07-07,full
A0013,2026-07-08,full
A0013,2026-07-09,full
A0013,2026-07-10,full
A0013,2026-07-11,full
A0013,2026-07-12,full
A0013,2026-07-13,full
A0013,2026-07-14,full
A0013,2026-07-15,full
A0013,2026-07-16,full
A0013,2026-07-17,full
A0013,2026-07-18,full
A0013,2026-07-19,full
A0013,2026-07-20,full
A0013,2026-07-21,full
A0013,2026-07-22,full
A0013,2026-07-23,full
A0013,2026-07-24,full
A0013,2026-07-25,full
A0013,2026-07-26,full
A0013,2026-07-27,full
A0013,2026-07-28,full
A0013,2026-07-29,full
A0013,2026-07-30,full
A0013,2026-07-31,full
A0013,2026-08-01,full
A0013,2026-08-02,full
A0013,2026-08-03,full
A0013,2026-08-04,full
A0013,2026-08-05,full
A0013,2026-08-06,full
A0013,2026-08-07,full
A0013,2026-08-08,full
A0013,2026-08-09,full
A0013,2026-08-10,full
A0013,2026-08-11,full
A0013,2026-08-12,full
A0013,2026-08-13,full
A0013,2026-08-14,full
A0013,2026-08-15,full
A0013,2026-08-16,full
A0013,2026-08-17,full
A0013,2026-08-18,full
A0013,2026-08-19,full
A0013,2026-08-20,full
A0013,2026-08-21,full
A0013,2026-08-22,full
A0013,2026-08-23,full
A0013,2026-08-24,full
A0013,2026-08-25,full
A0013,2026-08-26,full
A0013,2026-08-27,full
A0013,2026-08-28,full
A0013,2026-08-29,full
A0013,2026-08-30,full
A0013,2026-08-31,full
A0013,2026-09-01,full
A0013,2026-09-02,full
A0013,2026-09-03,full
A0013,2026-09-04,full
A0013,2026-09-05,full
A0013,2026-09-06,full
A0013,2026-09-07,full
A0013,2026-09-08,full
A0013,2026-09-09,full
A0013,2026-09-10,full
A0013,2026-09-11,full
A0013,2026-09-12,full
A0013,2026-09-13,full
A0013,2026-09-14,full
A0013,2026-09-15,full
A0013,2026-09-16,full
A0013,2026-09-17,full
A0013,2026-09-18,full
A0013,2026-09-19,full
A0013,2026-09-20,full
A0013,2026-09-21,full
A0013,2026-09-22,full
A0013,2026-09-23,full
A0013,2026-09-24,full
A0013,2026-09-25,full
A0013,2026-09-26,full
A0013,2026-09-27,full
A0013,2026-09-28,full
A0013,2026-09-29,full
A0013,2026-09-30,full
A0013,2026-10-01,full
A0013,2026-10-02,full
A0013,2026-10-03,full
A0014,2026-07-06,full
A0014,2026-07-07,full
A0014,2026-07-08,full
A0014,2026-07-09,full
A0014,2026-07-10,full
A0014,2026-07-11,full
A0014,2026-07-12,full
A0014,2026-07-13,full
A0014,2026-07-14,full
A0014,2026-07-15,full
A0014,2026-07-16,full
A0014,2026-07-17,full
A0014,2026-07-18,full
A0014,2026-07-19,full
A0014,2026-07-20,full
A0014,2026-07-21,full
A0014,2026-07-22,modified
A0014,2026-07-23,full
A0014,2026-07-24,full
A0014,2026-07-25,full
A0014,2026-07-26,full
A0014,2026-07-27,full
A0014,2026-07-28,full
A0014,2026-07-29,full
A0014,2026-07-30,full
A0014,2026-07-31,full
A0014,2026-08-01,full
A0014,2026-08-02,full
A0014,2026-08-03,full
A0014,2026-08-04,full
A0014,2026-08-05,full
A0014,2026-08-06,full
A0014,2026-08-07,full
A0014,2026-08-08,full
A0014,2026-08-09,full
A0014,2026-08-10,full
A0014,2026-08-11,full
A0014,2026-08-12,full
A0014,2026-08-13,full
A0014,2026-08-14,full
A0014,2026-08-15,full
A0014,2026-08-16,full
A0014,2026-08-17,full
A0014,2026-08-18,full
A0014,2026-08-19,full
A0014,2026-08-20,full
A0014,2026-08-21,full
A0014,2026-08-22,full
A0014,2026-08-23,full
A0014,2026-08-24,full
A0014,2026-08-25,full
A0014,2026-08-26,full
A0014,2026-08-27,full
A0014,2026-08-28,full
A0014,2026-08-29,full
A0014,2026-08-30,full
A0014,2026-08-31,full
A0014,2026-09-01,full
A0014,2026-09-02,full
A0014,2026-09-03,full
A0014,2026-09-04,full
A0014,2026-09-05,full
A0014,2026-09-06,full
A0014,2026-09-07,full
A0014,2026-09-08,full
A0014,2026-09-09,full
A0014,2026-09-10,full
A0014,2026-09-11,full
A0014,2026-09-12,full
A0014,2026-09-13,full
A0014,2026-09-14,full
A0014,2026-09-15,full
A0014,2026-09-16,full
A0014,2026-09-17,full
A0014,2026-09-18,full
A0014,2026-09-19,full
A0014,2026-09-20,full
A0014,2026-09-21,full
A0014,2026-09-22,full
A0014,2026-09-23,full
A0014,2026-09-24,full
A0014,2026-09-25,full
A0014,2026-09-26,full
A0014,2026-09-27,full
A0014,2026-09-28,full
A0014,2026-09-29,full
A0014,2026-09-30,full
A0014,2026-10-01,full
A0014,2026-10-02,full
A0014,2026-10-03,full
A0015,2026-07-06,full
A0015,2026-07-07,full
A0015,2026-07-08,full
A0015,2026-07-09,full
A0015,2026-07-10,full
A0015,2026-07-11,full
A0015,2026-07-12,full
A0015,2026-07-13,full
A0015,2026-07-14,full
A0015,2026-07-15,full
A0015,2026-07-16,full
A0015,2026-07-17,full
A0015,2026-07-18,full
A0015,2026-07-19,full
A0015,2026-07-20,full
A0015,2026-07-21,full
A0015,2026-07-22,full
A0015,2026-07-23,full
A0015,2026-07-24,full
A0015,2026-07-25,full
A0015,2026-07-26,full
A0015,2026-07-27,full
A0015,2026-07-28,full
A0015,2026-07-29,full
A0015,2026-07-30,full
A0015,2026-07-31,full
A0015,2026-08-01,full
A0015,2026-08-02,full
A0015,2026-08-03,full
A0015,2026-08-04,full
A0015,2026-08-05,full
A0015,2026-08-06,full
A0015,2026-08-07,full
A0015,2026-08-08,full
A0015,2026-08-09,full
A0015,2026-08-10,full
A0015,2026-08-11,full
A0015,2026-08-12,full
A0015,2026-08-13,full
A0015,2026-08-14,full
A0015,2026-08-15,full
A0015,2026-08-16,full
A0015,2026-08-17,modified
A0015,2026-08-18,full
A0015,2026-08-19,full
A0015,2026-08-20,full
A0015,2026-08-21,full
A0015,2026-08-22,full
A0015,2026-08-23,full
A0015,2026-08-24,full
A0015,2026-08-25,full
A0015,2026-08-26,full
A0015,2026-08-27,full
A0015,2026-08-28,full
A0015,2026-08-29,full
A0015,2026-08-30,full
A0015,2026-08-31,full
A0015,2026-09-01,full
A0015,2026-09-02,full
A0015,2026-09-03,full
A0015,2026-09-04,full
A0015,2026-09-05,full
A0015,2026-09-06,full
A0015,2026-09-07,full
A0015,2026-09-08,full
A0015,2026-09-09,full
A0015,2026-09-10,full
A0015,2026-09-11,full
A0015,2026-09-12,full
A0015,2026-09-13,full
A0015,2026-09-14,full
A0015,2026-09-15,full
A0015,2026-09-16,full
A0015,2026-09-17,full
A0015,2026-09-18,full
A0015,2026-09-19,full
A0015,2026-09-20,full
A0015,2026-09-21,full
A0015,2026-09-22,full
A0015,2026-09-23,full
A0015,2026-09-24,full
A0015,2026-09-25,full
A0015,2026-09-26,full
A0015,2026-09-27,full
A0015,2026-09-28,full
A0015,2026-09-29,full
A0015,2026-09-30,modified
A0015,2026-10-01,full
A0015,2026-10-02,full
A0015,2026-10-03,full
A0016,2026-07-06,full
A0016,2026-07-07,full
A0016,2026-07-08,full
A0016,2026-07-09,full
A0016,2026-07-10,full
A0016,2026-07-11,full
A0016,2026-07-12,full
A0016,2026-07-13,full
A0016,2026-07-14,full
A0016,2026-07-15,full
A0016,2026-07-16,full
A0016,2026-07-17,full
A0016,2026-07-18,full
A0016,2026-07-19,full
A0016,2026-07-20,full
A0016,2026-07-21,full
A0016,2026-07-22,full
A0016,2026-07-23,full
A0016,2026-07-24,full
A0016,2026-07-25,full
A0016,2026-07-26,full
A0016,2026-07-27,full
A0016,2026-07-28,full
A0016,2026-07-29,full
A0016,2026-07-30,full
A0016,2026-07-31,full
A0016,2026-08-01,full
A0016,2026-08-02,full
A0016,2026-08-03,full
A0016,2026-08-04,full
A0016,2026-08-05,full
A0016,2026-08-06,full
A0016,2026-08-07,full
A0016,2026-08-08,full
A0016,2026-08-09,full
A0016,2026-08-10,full
A0016,2026-08-11,full
A0016,2026-08-12,full
A0016,2026-08-13,full
A0016,2026-08-14,full
A0016,2026-08-15,full
A0016,2026-08-16,full
A0016,2026-08-17,full
A0016,2026-08-18,full
A0016,2026-08-19,full
A0016,2026-08-20,full
A0016,2026-08-21,full
A0016,2026-08-22,full
A0016,2026-08-23,full
A0016,2026-08-24,full
A0016,2026-08-25,full
A0016,2026-08-26,full
A0016,2026-08-27,full
A0016,2026-08-28,full
A0016,2026-08-29,full
A0016,2026-08-30,full
A0016,2026-08-31,full
A0016,2026-09-01,modified
A0016,2026-09-02,full
A0016,2026-09-03,full
A0016,2026-09-04,full
A0016,2026-09-05,full
A0016,2026-09-06,full
A0016,2026-09-07,full
A0016,2026-09-08,full
A0016,2026-09-09,full
A0016,2026-09-10,full
A0016,2026-09-11,full
A0016,2026-09-12,full
A0016,2026-09-13,full
A0016,2026-09-14,full
A0016,2026-09-15,full
A0016,2026-09-16,full
A0016,2026-09-17,full
A0016,2026-09-18,full
A0016,2026-09-19,full
A0016,2026-09-20,full
A0016,2026-09-21,full
A0016,2026-09-22,full
A0016,2026-09-23,full
A0016,2026-09-24,full
A0016,2026-09-25,full
A0016,2026-09-26,full
A0016,2026-09-27,full
A0016,2026-09-28,full
A0016,2026-09-29,full
A0016,2026-09-30,full
A0016,2026-10-01,full
A0016,2026-10-02,full
A0016,2026-10-03,full
A0017,2026-07-06,full
A0017,2026-07-07,full
A0017,2026-07-08,full
A0017,2026-07-09,full
A0017,2026-07-10,full
A0017,2026-07-11,full
A0017,2026-07-12,full
A0017,2026-07-13,full
A0017,2026-07-14,full
A0017,2026-07-15,full
A0017,2026-07-16,full
A0017,2026-07-17,full
A0017,2026-07-18,full
A0017,2026-07-19,full
A0017,2026-07-20,full
A0017,2026-07-21,full
A0017,2026-07-22,full
A0017,2026-07-23,full
A0017,2026-07-24,full
A0017,2026-07-25,full
A0017,2026-07-26,full
A0017,2026-07-27,full
A0017,2026-07-28,full
A0017,2026-07-29,full
A0017,2026-07-30,full
A0017,2026-07-31,full
A0017,2026-08-01,full
A0017,2026-08-02,full
A0017,2026-08-03,full
A0017,2026-08-04,full
A0017,2026-08-05,full
A0017,2026-08-06,full
A0017,2026-08-07,full
A0017,2026-08-08,full
A0017,2026-08-09,full
A0017,2026-08-10,full
A0017,2026-08-11,full
A0017,2026-08-12,full
A0017,2026-08-13,full
A0017,2026-08-14,full
A0017,2026-08-15,full
A0017,2026-08-16,full
A0017,2026-08-17,full
A0017,2026-08-18,full
A0017,2026-08-19,full
A0017,2026-08-20,full
A0017,2026-08-21,full
A0017,2026-08-22,full
A0017,2026-08-23,full
A0017,2026-08-24,full
A0017,2026-08-25,full
A0017,2026-08-26,full
A0017,2026-08-27,full
A0017,2026-08-28,full
A0017,2026-08-29,full
A0017,2026-08-30,full
A0017,2026-08-31,full
A0017,2026-09-01,full
A0017,2026-09-02,full
A0017,2026-09-03,full
A0017,2026-09-04,full
A0017,2026-09-05,full
A0017,2026-09-06,full
A0017,2026-09-07,full
A0017,2026-09-08,full
A0017,2026-09-09,full
A0017,2026-09-10,full
A0017,2026-09-11,full
A0017,2026-09-12,full
A0017,2026-09-13,full
A0017,2026-09-14,full
A0017,2026-09-15,full
A0017,2026-09-16,full
A0017,2026-09-17,full
A0017,2026-09-18,full
A0017,2026-09-19,full
A0017,2026-09-20,full
A0017,2026-09-21,full
A0017,2026-09-22,full
A0017,2026-09-23,full
A0017,2026-09-24,full
A0017,2026-09-25,full
A0017,2026-09-26,full
A0017,2026-09-27,full
A0017,2026-09-28,full
A0017,2026-09-29,full
A0017,2026-09-30,full
A0017,2026-10-01,full
A0017,2026-10-02,full
A0017,2026-10-03,full
A0018,2026-07-06,full
A0018,2026-07-07,full
A0018,2026-07-08,full
A0018,2026-07-09,full
A0018,2026-07-10,full
A0018,2026-07-11,full
A0018,2026-07-12,full
A0018,2026-07-13,full
A0018,2026-07-14,full
A0018,2026-07-15,full
A0018,2026-07-16,full
A0018,2026-07-17,full
A0018,2026-07-18,full
A0018,2026-07-19,full
A0018,2026-07-20,full
A0018,2026-07-21,full
A0018,2026-07-22,full
A0018,2026-07-23,full
A0018,2026-07-24,full
A0018,2026-07-25,full
A0018,2026-07-26,full
A0018,2026-07-27,full
A0018,2026-07-28,full
A0018,2026-07-29,full
A0018,2026-07-30,full
A0018,2026-07-31,full
A0018,2026-08-01,full
A0018,2026-08-02,full
A0018,2026-08-03,full
A0018,2026-08-04,full
A0018,2026-08-05,full
A0018,2026-08-06,full
A0018,2026-08-07,full
A0018,2026-08-08,full
A0018,2026-08-09,full
A0018,2026-08-10,full
A0018,2026-08-11,full
A0018,2026-08-12,full
A0018,2026-08-13,full
A0018,2026-08-14,full
A0018,2026-08-15,full
A0018,2026-08-16,full
A0018,2026-08-17,full
A0018,2026-08-18,full
A0018,2026-08-19,full
A0018,2026-08-20,full
A0018,2026-08-21,full
A0018,2026-08-22,full
A0018,2026-08-23,full
A0018,2026-08-24,full
A0018,2026-08-25,full
A0018,2026-08-26,full
A0018,2026-08-27,full
A0018,2026-08-28,full
A0018,2026-08-29,full
A0018,2026-08-30,full
A0018,2026-08-31,full
A0018,2026-09-01,full
A0018,2026-09-02,full
A0018,2026-09-03,full
A0018,2026-09-04,full
A0018,2026-09-05,full
A0018,2026-09-06,full
A0018,2026-09-07,full
A0018,2026-09-08,full
A0018,2026-09-09,full
A0018,2026-09-10,full
A0018,2026-09-11,full
A0018,2026-09-12,full
A0018,2026-09-13,full
A0018,2026-09-14,full
A0018,2026-09-15,full
A0018,2026-09-16,full
A0018,2026-09-17,full
A0018,2026-09-18,full
A0018,2026-09-19,full
A0018,2026-09-20,full
A0018,2026-09-21,full
A0018,2026-09-22,full
A0018,2026-09-23,full
A0018,2026-09-24,full
A0018,2026-09-25,full
A0018,2026-09-26,full
A0018,2026-09-27,full
A0018,2026-09-28,full
A0018,2026-09-29,full
A0018,2026-09-30,full
A0018,2026-10-01,full
A0018,2026-10-02,full
A0018,2026-10-03,full
A0019,2026-07-06,full
A0019,2026-07-07,full
A0019,2026-07-08,full
A0019,2026-07-09,full
A0019,2026-07-10,full
A0019,2026-07-11,full
A0019,2026-07-12,full
A0019,2026-07-13,full
A0019,2026-07-14,full
A0019,2026-07-15,full
A0019,2026-07-16,full
A0019,2026-07-17,full
A0019,2026-07-18,full
A0019,2026-07-19,full
A0019,2026-07-20,full
A0019,2026-07-21,full
A0019,2026-07-22,full
A0019,2026-07-23,full
A0019,2026-07-24,full
A0019,2026-07-25,full
A0019,2026-07-26,full
A0019,2026-07-27,full
A0019,2026-07-28,full
A0019,2026-07-29,full
A0019,2026-07-30,full
A0019,2026-07-31,full
A0019,2026-08-01,full
A0019,2026-08-02,full
A0019,2026-08-03,full
A0019,2026-08-04,full
A0019,2026-08-05,full
A0019,2026-08-06,full
A0019,2026-08-07,full
A0019,2026-08-08,full
A0019,2026-08-09,full
A0019,2026-08-10,full
A0019,2026-08-11,full
A0019,2026-08-12,full
A0019,2026-08-13,full
A0019,2026-08-14,full
A0019,2026-08-15,full
A0019,2026-08-16,full
A0019,2026-08-17,full
A0019,2026-08-18,full
A0019,2026-08-19,full
A0019,2026-08-20,full
A0019,2026-08-21,full
A0019,2026-08-22,full
A0019,2026-08-23,full
A0019,2026-08-24,full
A0019,2026-08-25,full
A0019,2026-08-26,full
A0019,2026-08-27,full
A0019,2026-08-28,full
A0019,2026-08-29,full
A0019,2026-08-30,full
A0019,2026-08-31,full
A0019,2026-09-01,out
A0019,2026-09-02,out
A0019,2026-09-03,out
A0019,2026-09-04,out
A0019,2026-09-05,out
A0019,2026-09-06,out
A0019,2026-09-07,out
A0019,2026-09-08,out
A0019,2026-09-09,out
A0019,2026-09-10,out
A0019,2026-09-11,out
A0019,2026-09-12,out
A0019,2026-09-13,modified
A0019,2026-09-14,modified
A0019,2026-09-15,modified
A0019,2026-09-16,modified
A0019,2026-09-17,modified
A0019,2026-09-18,modified
A0019,2026-09-19,modified
A0019,2026-09-20,full
A0019,2026-09-21,full
A0019,2026-09-22,full
A0019,2026-09-23,full
A0019,2026-09-24,full
A0019,2026-09-25,full
A0019,2026-09-26,full
A0019,2026-09-27,full
A0019,2026-09-28,full
A0019,2026-09-29,full
A0019,2026-09-30,full
A0019,2026-10-01,full
A0019,2026-10-02,full
A0019,2026-10-03,full
A0020,2026-07-06,full
A0020,2026-07-07,full
A0020,2026-07-08,full
A0020,2026-07-09,full
A0020,2026-07-10,full
A0020,2026-07-11,full
A0020,2026-07-12,full
A0020,2026-07-13,full
A0020,2026-07-14,full
A0020,2026-07-15,full
A0020,2026-07-16,full
A0020,2026-07-17,full
A0020,2026-07-18,full
A0020,2026-07-19,full
A0020,2026-07-20,full
A0020,2026-07-21,full
A0020,2026-07-22,full
A0020,2026-07-23,full
A0020,2026-07-24,full
A0020,2026-07-25,full
A0020,2026-07-26,full
A0020,2026-07-27,full
A0020,2026-07-28,full
A0020,2026-07-29,full
A0020,2026-07-30,full
A0020,2026-07-31,full
A0020,2026-08-01,modified
A0020,2026-08-02,full
A0020,2026-08-03,full
A0020,2026-08-04,full
A0020,2026-08-05,full
A0020,2026-08-06,full
A0020,2026-08-07,full
A0020,2026-08-08,full
A0020,2026-08-09,full
A0020,2026-08-10,full
A0020,2026-08-11,full
A0020,2026-08-12,full
A0020,2026-08-13,full
A0020,2026-08-14,full
A0020,2026-08-15,full
A0020,2026-08-16,full
A0020,2026-08-17,full
A0020,2026-08-18,full
A0020,2026-08-19,full
A0020,2026-08-20,full
A0020,2026-08-21,full
A0020,2026-08-22,full
A0020,2026-08-23,full
A0020,2026-08-24,full
A0020,2026-08-25,full
A0020,2026-08-26,full
A0020,2026-08-27,full
A0020,2026-08-28,full
A0020,2026-08-29,full
A0020,2026-08-30,full
A0020,2026-08-31,full
A0020,2026-09-01,full
A0020,2026-09-02,full
A0020,2026-09-03,full
A0020,2026-09-04,full
A0020,2026-09-05,full
A0020,2026-09-06,full
A0020,2026-09-07,full
A0020,2026-09-08,full
A0020,2026-09-09,full
A0020,2026-09-10,full
A0020,2026-09-11,full
A0020,2026-09-12,full
A0020,2026-09-13,full
A0020,2026-09-14,full
A0020,2026-09-15,full
A0020,2026-09-16,full
A0020,2026-09-17,full
A0020,2026-09-18,full
A0020,2026-09-19,full
A0020,2026-09-20,full
A0020,2026-09-21,full
A0020,2026-09-22,full
A0020,2026-09-23,full
A0020,2026-09-24,full
A0020,2026-09-25,full
A0020,2026-09-26,full
A0020,2026-09-27,full
A0020,2026-09-28,full
A0020,2026-09-29,full
A0020,2026-09-30,full
A0020,2026-10-01,full
A0020,2026-10-02,full
A0020,2026-10-03,full
A0021,2026-07-06,full
A0021,2026-07-07,full
A0021,2026-07-08,full
A0021,2026-07-09,full
A0021,2026-07-10,full
A0021,2026-07-11,full
A0021,2026-07-12,full
A0021,2026-07-13,full
A0021,2026-07-14,full
A0021,2026-07-15,full
A0021,2026-07-16,full
A0021,2026-07-17,full
A0021,2026-07-18,full
A0021,2026-07-19,full
A0021,2026-07-20,full
A0021,2026-07-21,full
A0021,2026-07-22,full
A0021,2026-07-23,full
A0021,2026-07-24,full
A0021,2026-07-25,full
A0021,2026-07-26,full
A0021,2026-07-27,full
A0021,2026-07-28,full
A0021,2026-07-29,full
A0021,2026-07-30,full
A0021,2026-07-31,full
A0021,2026-08-01,full
A0021,2026-08-02,full
A0021,2026-08-03,full
A0021,2026-08-04,full
A0021,2026-08-05,full
A0021,2026-08-06,full
A0021,2026-08-07,full
A0021,2026-08-08,full
A0021,2026-08-09,full
A0021,2026-08-10,full
A0021,2026-08-11,full
A0021,2026-08-12,full
A0021,2026-08-13,full
A0021,2026-08-14,full
A0021,2026-08-15,full
A0021,2026-08-16,full
A0021,2026-08-17,full
A0021,2026-08-18,full
A0021,2026-08-19,full
A0021,2026-08-20,full
A0021,2026-08-21,full
A0021,2026-08-22,full
A0021,2026-08-23,full
A0021,2026-08-24,full
A0021,2026-08-25,full
A0021,2026-08-26,full
A0021,2026-08-27,full
A0021,2026-08-28,full
A0021,2026-08-29,full
A0021,2026-08-30,full
A0021,2026-08-31,full
A0021,2026-09-01,full
A0021,2026-09-02,full
A0021,2026-09-03,full
A0021,2026-09-04,full
A0021,2026-09-05,full
A0021,2026-09-06,full
A0021,2026-09-07,full
A0021,2026-09-08,full
A0021,2026-09-09,full
A0021,2026-09-10,full
A0021,2026-09-11,full
A0021,2026-09-12,full
A0021,2026-09-13,full
A0021,2026-09-14,full
A0021,2026-09-15,full
A0021,2026-09-16,full
A0021,2026-09-17,full
A0021,2026-09-18,full
A0021,2026-09-19,full
A0021,2026-09-20,full
A0021,2026-09-21,full
A0021,2026-09-22,full
A0021,2026-09-23,full
A0021,2026-09-24,full
A0021,2026-09-25,full
A0021,2026-09-26,full
A0021,2026-09-27,full
A0021,2026-09-28,full
A0021,2026-09-29,full
A0021,2026-09-30,full
A0021,2026-10-01,full
A0021,2026-10-02,full
A0021,2026-10-03,full
A0022,2026-07-06,full
A0022,2026-07-07,full
A0022,2026-07-08,full
A0022,2026-07-09,full
A0022,2026-07-10,full
A0022,2026-07-11,full
A0022,2026-07-12,full
A0022,2026-07-13,full
A0022,2026-07-14,full
A0022,2026-07-15,full
A0022,2026-07-16,full
A0022,2026-07-17,full
A0022,2026-07-18,full
A0022,2026-07-19,full
A0022,2026-07-20,full
A0022,2026-07-21,full
A0022,2026-07-22,full
A0022,2026-07-23,full
A0022,2026-07-24,full
A0022,2026-07-25,full
A0022,2026-07-26,full
A0022,2026-07-27,full
A0022,2026-07-28,full
A0022,2026-07-29,full
A0022,2026-07-30,full
A0022,2026-07-31,full
A0022,2026-08-01,full
A0022,2026-08-02,full
A0022,2026-08-03,full
A0022,2026-08-04,full
A0022,2026-08-05,full
A0022,2026-08-06,full
A0022,2026-08-07,full
A0022,2026-08-08,full
A0022,2026-08-09,full
A0022,2026-08-10,full
A0022,2026-08-11,full
A0022,2026-08-12,full
A0022,2026-08-13,full
A0022,2026-08-14,full
A0022,2026-08-15,full
A0022,2026-08-16,full
A0022,2026-08-17,full
A0022,2026-08-18,full
A0022,2026-08-19,full
A0022,2026-08-20,full
A0022,2026-08-21,full
A0022,2026-08-22,full
A0022,2026-08-23,full
A0022,2026-08-24,full
A0022,2026-08-25,full
A0022,2026-08-26,full
A0022,2026-08-27,full
A0022,2026-08-28,full
A0022,2026-08-29,full
A0022,2026-08-30,full
A0022,2026-08-31,full
A0022,2026-09-01,full
A0022,2026-09-02,full
A0022,2026-09-03,full
A0022,2026-09-04,full
A0022,2026-09-05,full
A0022,2026-09-06,full
A0022,2026-09-07,modified
A0022,2026-09-08,full
A0022,2026-09-09,full
A0022,2026-09-10,full
A0022,2026-09-11,full
A0022,2026-09-12,full
A0022,2026-09-13,full
A0022,2026-09-14,full
A0022,2026-09-15,full
A0022,2026-09-16,full
A0022,2026-09-17,full
A0022,2026-09-18,full
A0022,2026-09-19,full
A0022,2026-09-20,full
A0022,2026-09-21,full
A0022,2026-09-22,full
A0022,2026-09-23,full
A0022,2026-09-24,full
A0022,2026-09-25,full
A0022,2026-09-26,full
A0022,2026-09-27,full
A0022,2026-09-28,full
A0022,2026-09-29,full
A0022,2026-09-30,full
A0022,2026-10-01,full
A0022,2026-10-02,full
A0022,2026-10-03,full
A0023,2026-07-06,full
A0023,2026-07-07,full
A0023,2026-07-08,full
A0023,2026-07-09,full
A0023,2026-07-10,full
A0023,2026-07-11,full
A0023,2026-07-12,full
A0023,2026-07-13,full
A0023,2026-07-14,full
A0023,2026-07-15,full
A0023,2026-07-16,full
A0023,2026-07-17,full
A0023,2026-07-18,full
A0023,2026-07-19,full
A0023,2026-07-20,full
A0023,2026-07-21,full
A0023,2026-07-22,full
A0023,2026-07-23,full
A0023,2026-07-24,full
A0023,2026-07-25,full
A0023,2026-07-26,full
A0023,2026-07-27,full
A0023,2026-07-28,full
A0023,2026-07-29,full
A0023,2026-07-30,full
A0023,2026-07-31,full
A0023,2026-08-01,full
A0023,2026-08-02,full
A0023,2026-08-03,full
A0023,2026-08-04,full
A0023,2026-08-05,full
A0023,2026-08-06,full
A0023,2026-08-07,full
A0023,2026-08-08,full
A0023,2026-08-09,full
A0023,2026-08-10,full
A0023,2026-08-11,full
A0023,2026-08-12,full
A0023,2026-08-13,full
A0023,2026-08-14,full
A0023,2026-08-15,full
A0023,2026-08-16,full
A0023,2026-08-17,modified
A0023,2026-08-18,full
A0023,2026-08-19,full
A0023,2026-08-20,full
A0023,2026-08-21,full
A0023,2026-08-22,full
A0023,2026-08-23,full
A0023,2026-08-24,full
A0023,2026-08-25,full
A0023,2026-08-26,full
A0023,2026-08-27,full
A0023,2026-08-28,full
A0023,2026-08-29,full
A0023,2026-08-30,full
A0023,2026-08-31,full
A0023,2026-09-01,full
A0023,2026-09-02,full
A0023,2026-09-03,full
A0023,2026-09-04,full
A0023,2026-09-05,full
A0023,2026-09-06,full
A0023,2026-09-07,full
A0023,2026-09-08,full
A0023,2026-09-09,full
A0023,2026-09-10,full
A0023,2026-09-11,full
A0023,2026-09-12,full
A0023,2026-09-13,full
A0023,2026-09-14,full
A0023,2026-09-15,full
A0023,2026-09-16,full
A0023,2026-09-17,full
A0023,2026-09-18,full
A0023,2026-09-19,full
A0023,2026-09-20,full
A0023,2026-09-21,full
A0023,2026-09-22,full
A0023,2026-09-23,full
A0023,2026-09-24,full
A0023,2026-09-25,full
A0023,2026-09-26,full
A0023,2026-09-27,full
A0023,2026-09-28,full
A0023,2026-09-29,full
A0023,2026-09-30,full
A0023,2026-10-01,full
A0023,2026-10-02,full
A0023,2026-10-03,full
A0024,2026-07-06,full
A0024,2026-07-07,full
A0024,2026-07-08,full
A0024,2026-07-09,full
A0024,2026-07-10,full
A0024,2026-07-11,full
A0024,2026-07-12,full
A0024,2026-07-13,full
A0024,2026-07-14,full
A0024,2026-07-15,full
A0024,2026-07-16,full
A0024,2026-07-17,full
A0024,2026-07-18,full
A0024,2026-07-19,full
A0024,2026-07-20,full
A0024,2026-07-21,full
A0024,2026-07-22,full
A0024,2026-07-23,full
A0024,2026-07-24,full
A0024,2026-07-25,full
A0024,2026-07-26,full
A0024,2026-07-27,full
A0024,2026-07-28,full
A0024,2026-07-29,full
A0024,2026-07-30,full
A0024,2026-07-31,full
A0024,2026-08-01,full
A0024,2026-08-02,full
A0024,2026-08-03,full
A0024,2026-08-04,full
A0024,2026-08-05,full
A0024,2026-08-06,full
A0024,2026-08-07,full
A0024,2026-08-08,full
A0024,2026-08-09,full
A0024,2026-08-10,full
A0024,2026-08-11,full
A0024,2026-08-12,full
A0024,2026-08-13,full
A0024,2026-08-14,full
A0024,2026-08-15,full
A0024,2026-08-16,full
A0024,2026-08-17,full
A0024,2026-08-18,full
A0024,2026-08-19,full
A0024,2026-08-20,full
A0024,2026-08-21,full
A0024,2026-08-22,full
A0024,2026-08-23,full
A0024,2026-08-24,full
A0024,2026-08-25,full
A0024,2026-08-26,full
A0024,2026-08-27,full
A0024,2026-08-28,full
A0024,2026-08-29,full
A0024,2026-08-30,full
A0024,2026-08-31,full
A0024,2026-09-01,full
A0024,2026-09-02,full
A0024,2026-09-03,full
A0024,2026-09-04,full
A0024,2026-09-05,full
A0024,2026-09-06,full
A0024,2026-09-07,full
A0024,2026-09-08,full
A0024,2026-09-09,full
A0024,2026-09-10,full
A0024,2026-09-11,full
A0024,2026-09-12,full
A0024,2026-09-13,full
A0024,2026-09-14,full
A0024,2026-09-15,full
A0024,2026-09-16,full
A0024,2026-09-17,full
A0024,2026-09-18,full
A0024,2026-09-19,full
A0024,2026-09-20,full
A0024,2026-09-21,full
A0024,2026-09-22,full
A0024,2026-09-23,full
A0024,2026-09-24,full
A0024,2026-09-25,full
A0024,2026-09-26,full
A0024,2026-09-27,full
A0024,2026-09-28,full
A0024,2026-09-29,full
A0024,2026-09-30,modified
A0024,2026-10-01,full
A0024,2026-10-02,full
A0024,2026-10-03,modified
A0025,2026-07-06,full
A0025,2026-07-07,full
A0025,2026-07-08,full
A0025,2026-07-09,full
A0025,2026-07-10,full
A0025,2026-07-11,full
A0025,2026-07-12,full
A0025,2026-07-13,full
A0025,2026-07-14,full
A0025,2026-07-15,full
A0025,2026-07-16,full
A0025,2026-07-17,full
A0025,2026-07-18,full
A0025,2026-07-19,full
A0025,2026-07-20,full
A0025,2026-07-21,full
A0025,2026-07-22,full
A0025,2026-07-23,full
A0025,2026-07-24,full
A0025,2026-07-25,full
A0025,2026-07-26,full
A0025,2026-07-27,full
A0025,2026-07-28,full
A0025,2026-07-29,full
A0025,2026-07-30,full
A0025,2026-07-31,full
A0025,2026-08-01,full
A0025,2026-08-02,full
A0025,2026-08-03,full
A0025,2026-08-04,full
A0025,2026-08-05,full
A0025,2026-08-06,full
A0025,2026-08-07,full
A0025,2026-08-08,full
A0025,2026-08-09,full
A0025,2026-08-10,full
A0025,2026-08-11,full
A0025,2026-08-12,full
A0025,2026-08-13,full
A0025,2026-08-14,full
A0025,2026-08-15,full
A0025,2026-08-16,full
A0025,2026-08-17,full
A0025,2026-08-18,full
A0025,2026-08-19,full
A0025,2026-08-20,full
A0025,2026-08-21,full
A0025,2026-08-22,full
A0025,2026-08-23,full
A0025,2026-08-24,full
A0025,2026-08-25,full
A0025,2026-08-26,full
A0025,2026-08-27,full
A0025,2026-08-28,full
A0025,2026-08-29,full
A0025,2026-08-30,full
A0025,2026-08-31,full
A0025,2026-09-01,full
A0025,2026-09-02,full
A0025,2026-09-03,full
A0025,2026-09-04,full
A0025,2026-09-05,full
A0025,2026-09-06,full
A0025,2026-09-07,full
A0025,2026-09-08,modified
A0025,2026-09-09,full
A0025,2026-09-10,full
A0025,2026-09-11,full
A0025,2026-09-12,full
A0025,2026-09-13,full
A0025,2026-09-14,full
A0025,2026-09-15,full
A0025,2026-09-16,full
A0025,2026-09-17,full
A0025,2026-09-18,full
A0025,2026-09-19,full
A0025,2026-09-20,full
A0025,2026-09-21,full
A0025,2026-09-22,full
A0025,2026-09-23,full
A0025,2026-09-24,full
A0025,2026-09-25,full
A0025,2026-09-26,full
A0025,2026-09-27,full
A0025,2026-09-28,full
A0025,2026-09-29,full
A0025,2026-09-30,full
A0025,2026-10-01,full
A0025,2026-10-02,modified
A0025,2026-10-03,full
A0026,2026-08-10,full
A0026,2026-08-11,full
A0026,2026-08-12,full
A0026,2026-08-13,full
A0026,2026-08-14,full
A0026,2026-08-15,full
A0026,2026-08-16,full
A0026,2026-08-17,full
A0026,2026-08-18,full
A0026,2026-08-19,full
A0026,2026-08-20,full
A0026,2026-08-21,full
A0026,2026-08-22,full
A0026,2026-08-23,full
A0026,2026-08-24,full
A0026,2026-08-25,full
A0026,2026-08-26,full
A0026,2026-08-27,full
A0026,2026-08-28,full
A0026,2026-08-29,full
A0026,2026-08-30,full
A0026,2026-08-31,full
A0026,2026-09-01,full
A0026,2026-09-02,full
A0026,2026-09-03,full
A0026,2026-09-04,full
A0026,2026-09-05,full
A0026,2026-09-06,full
A0026,2026-09-07,full
A0026,2026-09-08,full
A0026,2026-09-09,full
A0026,2026-09-10,full
A0026,2026-09-11,full
A0026,2026-09-12,full
A0026,2026-09-13,full
A0026,2026-09-14,full
A0026,2026-09-15,full
A0026,2026-09-16,full
A0026,2026-09-17,full
A0026,2026-09-18,full
A0026,2026-09-19,full
A0026,2026-09-20,full
A0026,2026-09-21,full
A0026,2026-09-22,full
A0026,2026-09-23,full
A0026,2026-09-24,full
A0026,2026-09-25,full
A0026,2026-09-26,full
A0026,2026-09-27,full
A0026,2026-09-28,full
A0026,2026-09-29,full
A0026,2026-09-30,full
A0026,2026-10-01,full
A0026,2026-10-02,full
A0026,2026-10-03,full
A0027,2026-07-06,full
A0027,2026-07-07,full
A0027,2026-07-08,full
A0027,2026-07-09,full
A0027,2026-07-10,full
A0027,2026-07-11,full
A0027,2026-07-12,full
A0027,2026-07-13,full
A0027,2026-07-14,full
A0027,2026-07-15,full
A0027,2026-07-16,full
A0027,2026-07-17,full
A0027,2026-07-18,full
A0027,2026-07-19,full
A0027,2026-07-20,full
A0027,2026-07-21,full
A0027,2026-07-22,full
A0027,2026-07-23,full
A0027,2026-07-24,full
A0027,2026-07-25,full
A0027,2026-07-26,full
A0027,2026-07-27,full
A0027,2026-07-28,full
A0027,2026-07-29,full
A0027,2026-07-30,full
A0027,2026-07-31,full
A0027,2026-08-01,full
A0027,2026-08-02,full
A0027,2026-08-03,full
A0027,2026-08-04,full
A0027,2026-08-05,full
A0027,2026-08-06,full
A0027,2026-08-07,full
A0027,2026-08-08,full
A0027,2026-08-09,full
A0027,2026-08-10,full
A0027,2026-08-11,full
A0027,2026-08-12,full
A0027,2026-08-13,full
A0027,2026-08-14,full
A0027,2026-08-15,full
A0027,2026-08-16,full
A0027,2026-08-17,full
A0027,2026-08-18,full
A0027,2026-08-19,full
A0027,2026-08-20,full
A0027,2026-08-21,full
A0027,2026-08-22,full
A0027,2026-08-23,full
A0027,2026-08-24,full
A0027,2026-08-25,full
A0027,2026-08-26,full
A0027,2026-08-27,full
A0027,2026-08-28,full
A0027,2026-08-29,full
A0027,2026-08-30,full
A0027,2026-08-31,full
A0027,2026-09-01,full
A0027,2026-09-02,full
A0027,2026-09-03,full
A0027,2026-09-04,full
A0027,2026-09-05,full
A0027,2026-09-06,full
A0027,2026-09-07,full
A0027,2026-09-08,full
A0027,2026-09-09,full
A0027,2026-09-10,full
A0027,2026-09-11,full
A0027,2026-09-12,full
A0027,2026-09-13,full
A0027,2026-09-14,full
A0027,2026-09-15,full
A0027,2026-09-16,full
A0027,2026-09-17,full
A0027,2026-09-18,full
A0027,2026-09-19,full
A0027,2026-09-20,full
A0027,2026-09-21,full
A0027,2026-09-22,full
A0027,2026-09-23,full
A0027,2026-09-24,full
A0027,2026-09-25,full
A0027,2026-09-26,full
A0027,2026-09-27,full
A0027,2026-09-28,full
A0027,2026-09-29,full
A0027,2026-09-30,full
A0027,2026-10-01,full
A0027,2026-10-02,full
A0027,2026-10-03,full
A0028,2026-07-06,full
A0028,2026-07-07,full
A0028,2026-07-08,full
A0028,2026-07-09,full
A0028,2026-07-10,full
A0028,2026-07-11,full
A0028,2026-07-12,full
A0028,2026-07-13,full
A0028,2026-07-14,full
A0028,2026-07-15,full
A0028,2026-07-16,full
A0028,2026-07-17,full
A0028,2026-07-18,full
A0028,2026-07-19,full
A0028,2026-07-20,full
A0028,2026-07-21,full
A0028,2026-07-22,full
A0028,2026-07-23,full
A0028,2026-07-24,full
A0028,2026-07-25,full
A0028,2026-07-26,full
A0028,2026-07-27,full
A0028,2026-07-28,full
A0028,2026-07-29,full
A0028,2026-07-30,full
A0028,2026-07-31,full
A0028,2026-08-01,full
A0028,2026-08-02,full
A0028,2026-08-03,full
A0028,2026-08-04,full
A0028,2026-08-05,full
A0028,2026-08-06,full
A0028,2026-08-07,full
A0028,2026-08-08,full
A0028,2026-08-09,full
A0028,2026-08-10,full
A0028,2026-08-11,full
A0028,2026-08-12,full
A0028,2026-08-13,full
A0028,2026-08-14,full
A0028,2026-08-15,full
A0028,2026-08-16,full
A0028,2026-08-17,full
A0028,2026-08-18,full
A0028,2026-08-19,full
A0028,2026-08-20,full
A0028,2026-08-21,full
A0028,2026-08-22,full
A0028,2026-08-23,full
A0028,2026-08-24,full
A0028,2026-08-25,full
A0028,2026-08-26,full
A0028,2026-08-27,full
A0028,2026-08-28,full
A0028,2026-08-29,full
A0028,2026-08-30,full
A0028,2026-08-31,full
A0028,2026-09-01,full
A0028,2026-09-02,full
A0028,2026-09-03,full
A0028,2026-09-04,full
A0028,2026-09-05,full
A0028,2026-09-06,full
A0028,2026-09-07,full
A0028,2026-09-08,full
A0028,2026-09-09,full
A0028,2026-09-10,full
A0028,2026-09-11,full
A0028,2026-09-12,full
A0028,2026-09-13,full
A0028,2026-09-14,full
A0028,2026-09-15,full
A0028,2026-09-16,full
A0028,2026-09-17,full
A0028,2026-09-18,full
A0028,2026-09-19,full
A0028,2026-09-20,full
A0028,2026-09-21,full
A0028,2026-09-22,full
A0028,2026-09-23,full
A0028,2026-09-24,full
A0028,2026-09-25,full
A0028,2026-09-26,full
A0028,2026-09-27,full
A0028,2026-09-28,full
A0028,2026-09-29,full
A0028,2026-09-30,full
A0028,2026-10-01,full
A0028,2026-10-02,full
A0028,2026-10-03,full
