session_id,session_date,start_time_local,time_zone,session_type,group
none,NA,NA,NA,none,NA
S0001,2026-07-06,15:30,America/Chicago,practice,squad
S0002,2026-07-06,11:00,America/Chicago,gym,squad
S0003,2026-07-07,08:00,America/Chicago,test,squad
S0004,2026-07-07,15:30,America/Chicago,practice,squad
S0005,2026-07-08,15:30,America/Chicago,practice,squad
S0006,2026-07-09,08:00,America/Chicago,test,squad
S0007,2026-07-09,15:30,America/Chicago,practice,squad
S0008,2026-07-09,11:00,America/Chicago,gym,squad
S0009,2026-07-10,15:30,America/Chicago,practice,squad
S0010,2026-07-13,15:30,America/Chicago,practice,squad
S0011,2026-07-13,11:00,America/Chicago,gym,squad
S0012,2026-07-14,08:00,America/Chicago,test,squad
S0013,2026-07-14,15:30,America/Chicago,practice,squad
S0014,2026-07-15,15:30,America/Chicago,practice,squad
S0015,2026-07-16,15:30,America/Chicago,practice,squad
S0016,2026-07-16,11:00,America/Chicago,gym,squad
S0017,2026-07-17,15:30,America/Chicago,practice,squad
S0018,2026-07-20,15:30,America/Chicago,practice,squad
S0019,2026-07-20,11:00,America/Chicago,gym,squad
S0020,2026-07-21,08:00,America/Chicago,test,squad
S0021,2026-07-21,15:30,America/Chicago,practice,squad
S0022,2026-07-22,15:30,America/Chicago,practice,squad
S0023,2026-07-23,15:30,America/Chicago,practice,squad
S0024,2026-07-23,11:00,America/Chicago,gym,squad
S0025,2026-07-24,15:30,America/Chicago,practice,squad
S0026,2026-07-27,15:30,America/Chicago,practice,squad
S0027,2026-07-27,11:00,America/Chicago,gym,squad
S0028,2026-07-28,08:00,America/Chicago,test,squad
S0029,2026-07-28,15:30,America/Chicago,practice,squad
S0030,2026-07-29,15:30,America/Chicago,practice,squad
S0031,2026-07-30,15:30,America/Chicago,practice,squad
S0032,2026-07-30,11:00,America/Chicago,gym,squad
S0033,2026-07-31,15:30,America/Chicago,practice,squad
S0034,2026-08-03,15:30,America/Chicago,practice,squad
S0035,2026-08-03,11:00,America/Chicago,gym,squad
S0036,2026-08-04,08:00,America/Chicago,test,squad
S0037,2026-08-04,15:30,America/Chicago,practice,squad
S0038,2026-08-05,15:30,America/Chicago,practice,squad
S0039,2026-08-06,15:30,America/Chicago,practice,squad
S0040,2026-08-06,11:00,America/Chicago,gym,squad
S0041,2026-08-07,15:30,America/Chicago,practice,squad
S0042,2026-08-10,15:30,America/Chicago,practice,squad
S0043,2026-08-10,11:00,America/Chicago,gym,squad
S0044,2026-08-11,08:00,America/Chicago,test,squad
S0045,2026-08-11,15:30,America/Chicago,practice,squad
S0046,2026-08-12,15:30,America/Chicago,practice,squad
S0047,2026-08-13,15:30,America/Chicago,practice,squad
S0048,2026-08-13,11:00,America/Chicago,gym,squad
S0049,2026-08-14,15:30,America/Chicago,practice,squad
S0050,2026-08-17,15:30,America/Chicago,practice,squad
S0051,2026-08-17,11:00,America/Chicago,gym,squad
S0052,2026-08-18,08:00,America/Chicago,test,squad
S0053,2026-08-18,15:30,America/Chicago,practice,squad
S0054,2026-08-19,15:30,America/Chicago,practice,squad
S0055,2026-08-20,15:30,America/Chicago,practice,squad
S0056,2026-08-20,11:00,America/Chicago,gym,squad
S0057,2026-08-21,15:30,America/Chicago,practice,squad
S0058,2026-08-22,19:00,America/Chicago,match,squad
S0059,2026-08-24,15:30,America/Chicago,practice,squad
S0060,2026-08-24,11:00,America/Chicago,gym,squad
S0061,2026-08-25,08:00,America/Chicago,test,squad
S0062,2026-08-25,15:30,America/Chicago,practice,squad
S0063,2026-08-26,15:30,America/Chicago,practice,squad
S0064,2026-08-27,15:30,America/Chicago,practice,squad
S0065,2026-08-27,11:00,America/Chicago,gym,squad
S0066,2026-08-28,15:30,America/Chicago,practice,squad
S0067,2026-08-29,19:00,America/Chicago,match,squad
S0068,2026-08-31,15:30,America/Chicago,practice,squad
S0069,2026-08-31,11:00,America/Chicago,gym,squad
S0070,2026-09-01,08:00,America/Chicago,test,squad
S0071,2026-09-01,15:30,America/Chicago,practice,squad
S0072,2026-09-02,15:30,America/Chicago,practice,squad
S0073,2026-09-03,15:30,America/Chicago,practice,squad
S0074,2026-09-03,11:00,America/Chicago,gym,squad
S0075,2026-09-04,15:30,America/Chicago,practice,squad
S0076,2026-09-05,19:00,America/Chicago,match,squad
S0077,2026-09-07,15:30,America/Chicago,practice,squad
S0078,2026-09-07,11:00,America/Chicago,gym,squad
S0079,2026-09-08,08:00,America/Chicago,test,squad
S0080,2026-09-08,15:30,America/Chicago,practice,squad
S0081,2026-09-09,15:30,America/Chicago,practice,squad
S0082,2026-09-10,15:30,America/Chicago,practice,squad
S0083,2026-09-10,11:00,America/Chicago,gym,squad
S0084,2026-09-11,15:30,America/Chicago,practice,squad
S0085,2026-09-12,19:00,America/Chicago,match,squad
S0086,2026-09-14,15:30,America/Chicago,practice,squad
S0087,2026-09-14,11:00,America/Chicago,gym,squad
S0088,2026-09-15,08:00,America/Chicago,test,squad
S0089,2026-09-15,15:30,America/Chicago,practice,squad
S0090,2026-09-16,15:30,America/Chicago,practice,squad
S0091,2026-09-17,15:30,America/Chicago,practice,squad
S0092,2026-09-17,11:00,America/Chicago,gym,squad
S0093,2026-09-18,15:30,America/Chicago,practice,squad
S0094,2026-09-19,19:00,America/Chicago,match,squad
S0095,2026-09-21,15:30,America/Chicago,practice,squad
S0096,2026-09-21,11:00,America/Chicago,gym,squad
S0097,2026-09-22,08:00,America/Chicago,test,squad
S0098,2026-09-22,15:30,America/Chicago,practice,squad
S0099,2026-09-23,15:30,America/Chicago,practice,squad
S0100,2026-09-24,15:30,America/Chicago,practice,squad
S0101,2026-09-24,11:00,America/Chicago,gym,squad
S0102,2026-09-25,15:30,America/Chicago,practice,squad
S0103,2026-09-26,19:00,America/Chicago,match,squad
S0104,2026-09-28,15:30,America/Chicago,practice,squad
S0105,2026-09-28,11:00,America/Chicago,gym,squad
S0106,2026-09-29,08:00,America/Chicago,test,squad
S0107,2026-09-29,15:30,America/Chicago,practice,squad
S0108,2026-09-30,15:30,America/Chicago,practice,squad
S0109,2026-10-01,15:30,America/Chicago,practice,squad
S0110,2026-10-01,11:00,America/Chicago,gym,squad
S0111,2026-10-02,15:30,America/Chicago,practice,squad
S0112,2026-10-03,19:00,America/Chicago,match,squad
