athlete_id,name,group,email,start_date,end_date,status
A0001,Athlete 01,Defenders,a0001@example.edu,2026-07-06,NA,active
A0002,Athlete 02,Defenders,a0002@example.edu,2026-07-06,NA,active
A0003,Athlete 03,Defenders,a0003@example.edu,2026-07-06,NA,active
A0004,Athlete 04,Defenders,a0004@example.edu,2026-07-06,NA,active
A0005,Athlete 05,Defenders,a0005@example.edu,2026-07-06,NA,active
A0006,Athlete 06,Defenders,a0006@example.edu,2026-07-06,NA,active
A0007,Athlete 07,Defenders,a0007@example.edu,2026-07-06,NA,active
A0008,Athlete 08,Defenders,a0008@example.edu,2026-07-06,NA,active
A0009,Athlete 09,Defenders,a0009@example.edu,2026-07-06,NA,active
A0010,Athlete 10,Midfielders,a0010@example.edu,2026-07-06,NA,active
A0011,Athlete 11,Midfielders,a0011@example.edu,2026-07-06,NA,active
A0012,Athlete 12,Midfielders,a0012@example.edu,2026-07-06,NA,active
A0013,Athlete 13,Midfielders,a0013@example.edu,2026-07-06,NA,active
A0014,Athlete 14,Midfielders,a0014@example.edu,2026-07-06,NA,active
A0015,Athlete 15,Midfielders,a0015@example.edu,2026-07-06,NA,active
A0016,Athlete 16,Midfielders,a0016@example.edu,2026-07-06,NA,active
A0017,Athlete 17,Midfielders,a0017@example.edu,2026-07-06,NA,active
A0018,Athlete 18,Midfielders,a0018@example.edu,2026-07-06,NA,active
A0019,Athlete 19,Forwards,a0019@example.edu,2026-07-06,NA,active
A0020,Athlete 20,Forwards,a0020@example.edu,2026-07-06,NA,active
A0021,Athlete 21,Forwards,a0021@example.edu,2026-07-06,NA,active
A0022,Athlete 22,Forwards,a0022@example.edu,2026-07-06,NA,active
A0023,Athlete 23,Forwards,a0023@example.edu,2026-07-06,NA,active
A0024,Athlete 24,Forwards,a0024@example.edu,2026-07-06,NA,active
A0025,Athlete 25,Forwards,a0025@example.edu,2026-07-06,NA,active
A0026,Athlete 26,Goalkeepers,a0026@example.edu,2026-08-10,NA,active
A0027,Athlete 27,Goalkeepers,a0027@example.edu,2026-07-06,NA,active
A0028,Athlete 28,Goalkeepers,a0028@example.edu,2026-07-06,NA,active
