date,athletes_on_roster,forms_expected,forms_received,ratings_expected,ratings_received,device_failure_rows,form_completion_pct,rating_completion_pct,last_ok_import,forms_label
2026-07-06,27,27,25,54,54,0,92.5926,100.0,none,25 of 27
2026-07-07,27,27,26,27,27,3,96.2963,100.0,2026-07-07 07:05,26 of 27
2026-07-08,27,27,26,27,27,0,96.2963,100.0,2026-07-08 07:10,26 of 27
2026-07-09,27,27,25,54,52,7,92.5926,96.2963,2026-07-09 07:05,25 of 27
2026-07-10,27,27,23,27,26,3,85.1852,96.2963,2026-07-10 07:10,23 of 27
2026-07-11,27,27,26,0,0,0,96.2963,,2026-07-11 07:05,26 of 27
2026-07-12,27,0,0,0,0,0,,,2026-07-12 06:20,0 of 0
2026-07-13,27,27,24,54,52,0,88.8889,96.2963,2026-07-12 06:20,24 of 27
2026-07-14,27,27,22,27,27,8,81.4815,100.0,2026-07-14 07:05,22 of 27
2026-07-15,27,27,23,27,27,0,85.1852,100.0,2026-07-15 07:10,23 of 27
2026-07-16,27,27,23,54,54,0,85.1852,100.0,2026-07-16 07:05,23 of 27
2026-07-17,27,27,26,27,27,0,96.2963,100.0,2026-07-17 07:05,26 of 27
2026-07-18,27,27,25,0,0,0,92.5926,,2026-07-18 07:05,25 of 27
2026-07-19,27,0,0,0,0,0,,,2026-07-19 06:20,0 of 0
2026-07-20,27,27,26,54,51,0,96.2963,94.4444,2026-07-19 06:20,26 of 27
2026-07-21,27,27,23,27,26,5,85.1852,96.2963,2026-07-21 07:05,23 of 27
2026-07-22,27,27,23,27,27,0,85.1852,100.0,2026-07-22 07:10,23 of 27
2026-07-23,27,27,26,54,54,3,96.2963,100.0,2026-07-23 07:05,26 of 27
2026-07-24,27,27,25,27,27,6,92.5926,100.0,2026-07-24 07:05,25 of 27
2026-07-25,27,27,23,0,0,0,85.1852,,2026-07-25 07:05,23 of 27
2026-07-26,27,0,0,0,0,0,,,2026-07-26 06:20,0 of 0
2026-07-27,27,27,26,54,54,3,96.2963,100.0,2026-07-26 06:20,26 of 27
2026-07-28,27,27,25,27,27,6,92.5926,100.0,2026-07-28 07:05,25 of 27
2026-07-29,27,27,26,27,27,3,96.2963,100.0,2026-07-29 07:10,26 of 27
2026-07-30,27,27,23,54,53,3,85.1852,98.1481,2026-07-30 07:05,23 of 27
2026-07-31,27,27,26,27,27,0,96.2963,100.0,2026-07-31 07:05,26 of 27
2026-08-01,27,27,24,0,0,0,88.8889,,2026-08-01 07:05,24 of 27
2026-08-02,27,0,0,0,0,0,,,2026-08-02 06:20,0 of 0
2026-08-03,27,27,25,54,53,0,92.5926,98.1481,2026-08-02 06:20,25 of 27
2026-08-04,27,27,23,27,26,0,85.1852,96.2963,2026-08-04 07:05,23 of 27
2026-08-05,27,27,24,27,27,3,88.8889,100.0,2026-08-05 07:10,24 of 27
2026-08-06,27,27,24,54,54,0,88.8889,100.0,2026-08-06 07:05,24 of 27
2026-08-07,27,27,25,27,27,0,92.5926,100.0,2026-08-07 07:05,25 of 27
2026-08-08,27,27,27,0,0,0,100.0,,2026-08-08 07:05,27 of 27
2026-08-09,27,0,0,0,0,0,,,2026-08-09 06:20,0 of 0
2026-08-10,28,28,27,56,55,0,96.4286,98.2143,2026-08-09 06:20,27 of 28
2026-08-11,28,28,24,28,28,2,85.7143,100.0,2026-08-11 07:05,24 of 28
2026-08-12,28,28,26,28,27,3,92.8571,96.4286,2026-08-12 07:10,26 of 28
2026-08-13,28,28,23,56,56,3,82.1429,100.0,2026-08-13 07:05,23 of 28
2026-08-14,28,28,27,28,27,3,96.4286,96.4286,2026-08-14 07:05,27 of 28
2026-08-15,28,28,24,0,0,0,85.7143,,2026-08-15 07:05,24 of 28
2026-08-16,28,0,0,0,0,0,,,2026-08-16 06:20,0 of 0
2026-08-17,28,28,25,56,55,0,89.2857,98.2143,2026-08-16 06:20,25 of 28
2026-08-18,28,28,27,27,27,0,96.4286,100.0,2026-08-18 07:05,27 of 28
2026-08-19,28,28,25,27,27,6,89.2857,100.0,2026-08-19 07:10,25 of 28
2026-08-20,28,28,25,54,54,3,89.2857,100.0,2026-08-20 07:05,25 of 28
2026-08-21,28,28,26,28,28,0,92.8571,100.0,2026-08-21 07:05,26 of 28
2026-08-22,28,28,27,26,25,0,96.4286,96.1538,2026-08-22 07:05,27 of 28
2026-08-23,28,0,0,0,0,0,,,2026-08-23 07:05,0 of 0
2026-08-24,28,28,26,56,56,0,92.8571,100.0,2026-08-23 07:05,26 of 28
2026-08-25,28,28,23,28,28,1,82.1429,100.0,2026-08-25 07:05,23 of 28
2026-08-26,28,28,26,28,28,0,92.8571,100.0,2026-08-26 07:10,26 of 28
2026-08-27,28,28,23,56,55,3,82.1429,98.2143,2026-08-27 07:05,23 of 28
2026-08-28,28,28,26,28,27,0,92.8571,96.4286,2026-08-28 07:05,26 of 28
2026-08-29,28,28,28,26,25,0,100.0,96.1538,2026-08-29 07:05,28 of 28
2026-08-30,28,0,0,0,0,0,,,2026-08-30 07:05,0 of 0
2026-08-31,28,28,26,56,56,6,92.8571,100.0,2026-08-30 07:05,26 of 28
2026-09-01,28,28,26,27,27,6,92.8571,100.0,2026-09-01 07:05,26 of 28
2026-09-02,28,28,26,27,27,0,92.8571,100.0,2026-09-02 07:10,26 of 28
2026-09-03,28,28,25,54,53,3,89.2857,98.1481,2026-09-03 07:05,25 of 28
2026-09-04,28,28,25,27,27,0,89.2857,100.0,2026-09-04 07:05,25 of 28
2026-09-05,28,28,25,26,26,0,89.2857,100.0,2026-09-05 07:05,25 of 28
2026-09-06,28,0,0,0,0,0,,,2026-09-06 07:05,0 of 0
2026-09-07,28,28,25,54,54,0,89.2857,100.0,2026-09-06 07:05,25 of 28
2026-09-08,28,28,26,27,27,0,92.8571,100.0,2026-09-08 07:05,26 of 28
2026-09-09,28,28,25,27,27,3,89.2857,100.0,2026-09-09 09:40,25 of 28
2026-09-10,28,28,27,54,52,6,96.4286,96.2963,2026-09-10 07:05,27 of 28
2026-09-11,28,28,25,27,27,3,89.2857,100.0,2026-09-11 07:05,25 of 28
2026-09-12,28,28,25,26,26,6,89.2857,100.0,2026-09-12 07:05,25 of 28
2026-09-13,28,0,0,0,0,0,,,2026-09-13 07:05,0 of 0
2026-09-14,28,28,26,56,56,3,92.8571,100.0,2026-09-13 07:05,26 of 28
2026-09-15,28,28,26,28,26,6,92.8571,92.8571,2026-09-15 07:05,26 of 28
2026-09-16,28,28,26,28,28,3,92.8571,100.0,2026-09-16 07:10,26 of 28
2026-09-17,28,28,26,56,56,0,92.8571,100.0,2026-09-17 07:05,26 of 28
2026-09-18,28,28,26,28,28,0,92.8571,100.0,2026-09-18 07:05,26 of 28
2026-09-19,28,28,25,26,26,0,89.2857,100.0,2026-09-19 07:05,25 of 28
2026-09-20,28,0,0,0,0,0,,,2026-09-20 07:05,0 of 0
2026-09-21,28,28,24,56,56,3,85.7143,100.0,2026-09-20 07:05,24 of 28
2026-09-22,28,28,25,28,28,0,89.2857,100.0,2026-09-22 07:05,25 of 28
2026-09-23,28,28,27,28,28,0,96.4286,100.0,2026-09-23 07:10,27 of 28
2026-09-24,28,28,26,56,55,0,92.8571,98.2143,2026-09-24 07:05,26 of 28
2026-09-25,28,28,25,28,28,0,89.2857,100.0,2026-09-25 07:05,25 of 28
2026-09-26,28,28,27,27,25,0,96.4286,92.5926,2026-09-26 07:05,27 of 28
2026-09-27,28,0,0,0,0,0,,,2026-09-27 07:05,0 of 0
2026-09-28,28,28,24,56,56,3,85.7143,100.0,2026-09-27 07:05,24 of 28
2026-09-29,28,28,26,28,28,3,92.8571,100.0,2026-09-29 07:05,26 of 28
2026-09-30,28,28,24,28,28,0,85.7143,100.0,2026-09-30 07:10,24 of 28
2026-10-01,28,28,24,56,55,0,85.7143,98.2143,2026-10-01 07:05,24 of 28
2026-10-02,28,28,24,28,28,0,85.7143,100.0,2026-10-02 07:05,24 of 28
2026-10-03,28,28,24,26,25,3,85.7143,96.1538,2026-10-03 07:05,24 of 28
