date,week_start,days_before_latest,in_last_28_days
2026-07-06,2026-07-06,89,no
2026-07-07,2026-07-06,88,no
2026-07-08,2026-07-06,87,no
2026-07-09,2026-07-06,86,no
2026-07-10,2026-07-06,85,no
2026-07-11,2026-07-06,84,no
2026-07-12,2026-07-06,83,no
2026-07-13,2026-07-13,82,no
2026-07-14,2026-07-13,81,no
2026-07-15,2026-07-13,80,no
2026-07-16,2026-07-13,79,no
2026-07-17,2026-07-13,78,no
2026-07-18,2026-07-13,77,no
2026-07-19,2026-07-13,76,no
2026-07-20,2026-07-20,75,no
2026-07-21,2026-07-20,74,no
2026-07-22,2026-07-20,73,no
2026-07-23,2026-07-20,72,no
2026-07-24,2026-07-20,71,no
2026-07-25,2026-07-20,70,no
2026-07-26,2026-07-20,69,no
2026-07-27,2026-07-27,68,no
2026-07-28,2026-07-27,67,no
2026-07-29,2026-07-27,66,no
2026-07-30,2026-07-27,65,no
2026-07-31,2026-07-27,64,no
2026-08-01,2026-07-27,63,no
2026-08-02,2026-07-27,62,no
2026-08-03,2026-08-03,61,no
2026-08-04,2026-08-03,60,no
2026-08-05,2026-08-03,59,no
2026-08-06,2026-08-03,58,no
2026-08-07,2026-08-03,57,no
2026-08-08,2026-08-03,56,no
2026-08-09,2026-08-03,55,no
2026-08-10,2026-08-10,54,no
2026-08-11,2026-08-10,53,no
2026-08-12,2026-08-10,52,no
2026-08-13,2026-08-10,51,no
2026-08-14,2026-08-10,50,no
2026-08-15,2026-08-10,49,no
2026-08-16,2026-08-10,48,no
2026-08-17,2026-08-17,47,no
2026-08-18,2026-08-17,46,no
2026-08-19,2026-08-17,45,no
2026-08-20,2026-08-17,44,no
2026-08-21,2026-08-17,43,no
2026-08-22,2026-08-17,42,no
2026-08-23,2026-08-17,41,no
2026-08-24,2026-08-24,40,no
2026-08-25,2026-08-24,39,no
2026-08-26,2026-08-24,38,no
2026-08-27,2026-08-24,37,no
2026-08-28,2026-08-24,36,no
2026-08-29,2026-08-24,35,no
2026-08-30,2026-08-24,34,no
2026-08-31,2026-08-31,33,no
2026-09-01,2026-08-31,32,no
2026-09-02,2026-08-31,31,no
2026-09-03,2026-08-31,30,no
2026-09-04,2026-08-31,29,no
2026-09-05,2026-08-31,28,no
2026-09-06,2026-08-31,27,yes
2026-09-07,2026-09-07,26,yes
2026-09-08,2026-09-07,25,yes
2026-09-09,2026-09-07,24,yes
2026-09-10,2026-09-07,23,yes
2026-09-11,2026-09-07,22,yes
2026-09-12,2026-09-07,21,yes
2026-09-13,2026-09-07,20,yes
2026-09-14,2026-09-14,19,yes
2026-09-15,2026-09-14,18,yes
2026-09-16,2026-09-14,17,yes
2026-09-17,2026-09-14,16,yes
2026-09-18,2026-09-14,15,yes
2026-09-19,2026-09-14,14,yes
2026-09-20,2026-09-14,13,yes
2026-09-21,2026-09-21,12,yes
2026-09-22,2026-09-21,11,yes
2026-09-23,2026-09-21,10,yes
2026-09-24,2026-09-21,9,yes
2026-09-25,2026-09-21,8,yes
2026-09-26,2026-09-21,7,yes
2026-09-27,2026-09-21,6,yes
2026-09-28,2026-09-28,5,yes
2026-09-29,2026-09-28,4,yes
2026-09-30,2026-09-28,3,yes
2026-10-01,2026-09-28,2,yes
2026-10-02,2026-09-28,1,yes
2026-10-03,2026-09-28,0,yes
