import_id,source,import_date,import_time_local,rows_imported,result
I00001,rpe_form,2026-07-07,06:20,54,ok
I00002,session_log,2026-07-07,06:20,54,ok
I00003,wellness_form,2026-07-07,06:20,125,ok
I00004,gps,2026-07-07,07:05,81,ok
I00005,rpe_form,2026-07-08,06:20,27,ok
I00006,session_log,2026-07-08,06:20,27,ok
I00007,wellness_form,2026-07-08,06:20,130,ok
I00008,gps,2026-07-08,07:05,81,ok
I00009,force_plate,2026-07-08,07:10,81,ok
I00010,rpe_form,2026-07-09,06:20,27,ok
I00011,session_log,2026-07-09,06:20,27,ok
I00012,wellness_form,2026-07-09,06:20,130,ok
I00013,gps,2026-07-09,07:05,81,ok
I00014,rpe_form,2026-07-10,06:20,52,ok
I00015,session_log,2026-07-10,06:20,54,ok
I00016,wellness_form,2026-07-10,06:20,125,ok
I00017,gps,2026-07-10,07:05,81,ok
I00018,force_plate,2026-07-10,07:10,81,ok
I00019,rpe_form,2026-07-11,06:20,26,ok
I00020,session_log,2026-07-11,06:20,27,ok
I00021,wellness_form,2026-07-11,06:20,115,ok
I00022,gps,2026-07-11,07:05,81,ok
I00023,wellness_form,2026-07-12,06:20,130,ok
I00024,rpe_form,2026-07-14,06:20,52,ok
I00025,session_log,2026-07-14,06:20,54,ok
I00026,wellness_form,2026-07-14,06:20,120,ok
I00027,gps,2026-07-14,07:05,81,ok
I00028,rpe_form,2026-07-15,06:20,27,ok
I00029,session_log,2026-07-15,06:20,27,ok
I00030,wellness_form,2026-07-15,06:20,110,ok
I00031,gps,2026-07-15,07:05,81,ok
I00032,force_plate,2026-07-15,07:10,81,ok
I00033,rpe_form,2026-07-16,06:20,27,ok
I00034,session_log,2026-07-16,06:20,27,ok
I00035,wellness_form,2026-07-16,06:20,115,ok
I00036,gps,2026-07-16,07:05,81,ok
I00037,rpe_form,2026-07-17,06:20,54,ok
I00038,session_log,2026-07-17,06:20,54,ok
I00039,wellness_form,2026-07-17,06:20,115,ok
I00040,gps,2026-07-17,07:05,81,ok
I00041,rpe_form,2026-07-18,06:20,27,ok
I00042,session_log,2026-07-18,06:20,27,ok
I00043,wellness_form,2026-07-18,06:20,130,ok
I00044,gps,2026-07-18,07:05,81,ok
I00045,wellness_form,2026-07-19,06:20,125,ok
I00046,rpe_form,2026-07-21,06:20,51,ok
I00047,session_log,2026-07-21,06:20,54,ok
I00048,wellness_form,2026-07-21,06:20,130,ok
I00049,gps,2026-07-21,07:05,81,ok
I00050,rpe_form,2026-07-22,06:20,26,ok
I00051,session_log,2026-07-22,06:20,27,ok
I00052,wellness_form,2026-07-22,06:20,115,ok
I00053,gps,2026-07-22,07:05,81,ok
I00054,force_plate,2026-07-22,07:10,81,ok
I00055,rpe_form,2026-07-23,06:20,27,ok
I00056,session_log,2026-07-23,06:20,27,ok
I00057,wellness_form,2026-07-23,06:20,115,ok
I00058,gps,2026-07-23,07:05,81,ok
I00059,rpe_form,2026-07-24,06:20,54,ok
I00060,session_log,2026-07-24,06:20,54,ok
I00061,wellness_form,2026-07-24,06:20,130,ok
I00062,gps,2026-07-24,07:05,81,ok
I00063,rpe_form,2026-07-25,06:20,27,ok
I00064,session_log,2026-07-25,06:20,27,ok
I00065,wellness_form,2026-07-25,06:20,125,ok
I00066,gps,2026-07-25,07:05,81,ok
I00067,wellness_form,2026-07-26,06:20,115,ok
I00068,rpe_form,2026-07-28,06:20,54,ok
I00069,session_log,2026-07-28,06:20,54,ok
I00070,wellness_form,2026-07-28,06:20,130,ok
I00071,gps,2026-07-28,07:05,81,ok
I00072,rpe_form,2026-07-29,06:20,27,ok
I00073,session_log,2026-07-29,06:20,27,ok
I00074,wellness_form,2026-07-29,06:20,125,ok
I00075,gps,2026-07-29,07:05,81,ok
I00076,force_plate,2026-07-29,07:10,81,ok
I00077,rpe_form,2026-07-30,06:20,27,ok
I00078,session_log,2026-07-30,06:20,27,ok
I00079,wellness_form,2026-07-30,06:20,130,ok
I00080,gps,2026-07-30,07:05,81,ok
I00081,rpe_form,2026-07-31,06:20,53,ok
I00082,session_log,2026-07-31,06:20,54,ok
I00083,wellness_form,2026-07-31,06:20,115,ok
I00084,gps,2026-07-31,07:05,81,ok
I00085,rpe_form,2026-08-01,06:20,27,ok
I00086,session_log,2026-08-01,06:20,27,ok
I00087,wellness_form,2026-08-01,06:20,130,ok
I00088,gps,2026-08-01,07:05,81,ok
I00089,wellness_form,2026-08-02,06:20,120,ok
I00090,rpe_form,2026-08-04,06:20,53,ok
I00091,session_log,2026-08-04,06:20,54,ok
I00092,wellness_form,2026-08-04,06:20,125,ok
I00093,gps,2026-08-04,07:05,81,ok
I00094,rpe_form,2026-08-05,06:20,26,ok
I00095,session_log,2026-08-05,06:20,27,ok
I00096,wellness_form,2026-08-05,06:20,115,ok
I00097,gps,2026-08-05,07:05,81,ok
I00098,force_plate,2026-08-05,07:10,81,ok
I00099,rpe_form,2026-08-06,06:20,27,ok
I00100,session_log,2026-08-06,06:20,27,ok
I00101,wellness_form,2026-08-06,06:20,120,ok
I00102,gps,2026-08-06,07:05,81,ok
I00103,rpe_form,2026-08-07,06:20,54,ok
I00104,session_log,2026-08-07,06:20,54,ok
I00105,wellness_form,2026-08-07,06:20,120,ok
I00106,gps,2026-08-07,07:05,81,ok
I00107,rpe_form,2026-08-08,06:20,27,ok
I00108,session_log,2026-08-08,06:20,27,ok
I00109,wellness_form,2026-08-08,06:20,125,ok
I00110,gps,2026-08-08,07:05,81,ok
I00111,wellness_form,2026-08-09,06:20,135,ok
I00112,rpe_form,2026-08-11,06:20,55,ok
I00113,session_log,2026-08-11,06:20,56,ok
I00114,wellness_form,2026-08-11,06:20,135,ok
I00115,gps,2026-08-11,07:05,84,ok
I00116,rpe_form,2026-08-12,06:20,28,ok
I00117,session_log,2026-08-12,06:20,28,ok
I00118,wellness_form,2026-08-12,06:20,120,ok
I00119,gps,2026-08-12,07:05,84,ok
I00120,force_plate,2026-08-12,07:10,84,ok
I00121,rpe_form,2026-08-13,06:20,27,ok
I00122,session_log,2026-08-13,06:20,28,ok
I00123,wellness_form,2026-08-13,06:20,130,ok
I00124,gps,2026-08-13,07:05,84,ok
I00125,rpe_form,2026-08-14,06:20,56,ok
I00126,session_log,2026-08-14,06:20,56,ok
I00127,wellness_form,2026-08-14,06:20,115,ok
I00128,gps,2026-08-14,07:05,84,ok
I00129,rpe_form,2026-08-15,06:20,27,ok
I00130,session_log,2026-08-15,06:20,28,ok
I00131,wellness_form,2026-08-15,06:20,135,ok
I00132,gps,2026-08-15,07:05,84,ok
I00133,wellness_form,2026-08-16,06:20,120,ok
I00134,rpe_form,2026-08-18,06:20,55,ok
I00135,session_log,2026-08-18,06:20,56,ok
I00136,wellness_form,2026-08-18,06:20,125,ok
I00137,gps,2026-08-18,07:05,84,ok
I00138,rpe_form,2026-08-19,06:20,27,ok
I00139,session_log,2026-08-19,06:20,27,ok
I00140,wellness_form,2026-08-19,06:20,135,ok
I00141,gps,2026-08-19,07:05,81,ok
I00142,force_plate,2026-08-19,07:10,81,ok
I00143,rpe_form,2026-08-20,06:20,27,ok
I00144,session_log,2026-08-20,06:20,27,ok
I00145,wellness_form,2026-08-20,06:20,125,ok
I00146,gps,2026-08-20,07:05,81,ok
I00147,rpe_form,2026-08-21,06:20,54,ok
I00148,session_log,2026-08-21,06:20,54,ok
I00149,wellness_form,2026-08-21,06:20,125,ok
I00150,gps,2026-08-21,07:05,81,ok
I00151,rpe_form,2026-08-22,06:20,28,ok
I00152,session_log,2026-08-22,06:20,28,ok
I00153,wellness_form,2026-08-22,06:20,130,ok
I00154,gps,2026-08-22,07:05,84,ok
I00155,rpe_form,2026-08-23,06:20,25,ok
I00156,session_log,2026-08-23,06:20,26,ok
I00157,wellness_form,2026-08-23,06:20,135,ok
I00158,gps,2026-08-23,07:05,78,ok
I00159,rpe_form,2026-08-25,06:20,56,ok
I00160,session_log,2026-08-25,06:20,56,ok
I00161,wellness_form,2026-08-25,06:20,130,ok
I00162,gps,2026-08-25,07:05,84,ok
I00163,rpe_form,2026-08-26,06:20,28,ok
I00164,session_log,2026-08-26,06:20,28,ok
I00165,wellness_form,2026-08-26,06:20,115,ok
I00166,gps,2026-08-26,07:05,84,ok
I00167,force_plate,2026-08-26,07:10,84,ok
I00168,rpe_form,2026-08-27,06:20,28,ok
I00169,session_log,2026-08-27,06:20,28,ok
I00170,wellness_form,2026-08-27,06:20,130,ok
I00171,gps,2026-08-27,07:05,84,ok
I00172,rpe_form,2026-08-28,06:20,55,ok
I00173,session_log,2026-08-28,06:20,56,ok
I00174,wellness_form,2026-08-28,06:20,115,ok
I00175,gps,2026-08-28,07:05,84,ok
I00176,rpe_form,2026-08-29,06:20,27,ok
I00177,session_log,2026-08-29,06:20,28,ok
I00178,wellness_form,2026-08-29,06:20,130,ok
I00179,gps,2026-08-29,07:05,84,ok
I00180,rpe_form,2026-08-30,06:20,25,ok
I00181,session_log,2026-08-30,06:20,26,ok
I00182,wellness_form,2026-08-30,06:20,140,ok
I00183,gps,2026-08-30,07:05,78,ok
I00184,rpe_form,2026-09-01,06:20,56,ok
I00185,session_log,2026-09-01,06:20,56,ok
I00186,wellness_form,2026-09-01,06:20,130,ok
I00187,gps,2026-09-01,07:05,84,ok
I00188,rpe_form,2026-09-02,06:20,27,ok
I00189,session_log,2026-09-02,06:20,27,ok
I00190,wellness_form,2026-09-02,06:20,130,ok
I00191,gps,2026-09-02,07:05,81,ok
I00192,force_plate,2026-09-02,07:10,81,ok
I00193,rpe_form,2026-09-03,06:20,27,ok
I00194,session_log,2026-09-03,06:20,27,ok
I00195,wellness_form,2026-09-03,06:20,130,ok
I00196,gps,2026-09-03,07:05,81,ok
I00197,rpe_form,2026-09-04,06:20,53,ok
I00198,session_log,2026-09-04,06:20,54,ok
I00199,wellness_form,2026-09-04,06:20,125,ok
I00200,gps,2026-09-04,07:05,81,ok
I00201,rpe_form,2026-09-05,06:20,27,ok
I00202,session_log,2026-09-05,06:20,27,ok
I00203,wellness_form,2026-09-05,06:20,125,ok
I00204,gps,2026-09-05,07:05,81,ok
I00205,rpe_form,2026-09-06,06:20,26,ok
I00206,session_log,2026-09-06,06:20,26,ok
I00207,wellness_form,2026-09-06,06:20,125,ok
I00208,gps,2026-09-06,07:05,78,ok
I00209,rpe_form,2026-09-08,06:20,54,ok
I00210,session_log,2026-09-08,06:20,54,ok
I00211,wellness_form,2026-09-08,06:20,125,ok
I00212,gps,2026-09-08,07:05,81,ok
I00213,rpe_form,2026-09-09,06:20,27,ok
I00214,session_log,2026-09-09,06:20,27,ok
I00215,wellness_form,2026-09-09,06:20,130,ok
I00216,gps,2026-09-09,07:05,0,failed: no new file
I00217,force_plate,2026-09-09,07:10,81,ok
I00218,gps,2026-09-09,09:40,81,ok
I00219,rpe_form,2026-09-10,06:20,27,ok
I00220,session_log,2026-09-10,06:20,27,ok
I00221,wellness_form,2026-09-10,06:20,125,ok
I00222,gps,2026-09-10,07:05,81,ok
I00223,rpe_form,2026-09-11,06:20,52,ok
I00224,session_log,2026-09-11,06:20,54,ok
I00225,wellness_form,2026-09-11,06:20,135,ok
I00226,gps,2026-09-11,07:05,81,ok
I00227,rpe_form,2026-09-12,06:20,27,ok
I00228,session_log,2026-09-12,06:20,27,ok
I00229,wellness_form,2026-09-12,06:20,125,ok
I00230,gps,2026-09-12,07:05,81,ok
I00231,rpe_form,2026-09-13,06:20,26,ok
I00232,session_log,2026-09-13,06:20,26,ok
I00233,wellness_form,2026-09-13,06:20,125,ok
I00234,gps,2026-09-13,07:05,78,ok
I00235,rpe_form,2026-09-15,06:20,56,ok
I00236,session_log,2026-09-15,06:20,56,ok
I00237,wellness_form,2026-09-15,06:20,130,ok
I00238,gps,2026-09-15,07:05,84,ok
I00239,rpe_form,2026-09-16,06:20,26,ok
I00240,session_log,2026-09-16,06:20,28,ok
I00241,wellness_form,2026-09-16,06:20,130,ok
I00242,gps,2026-09-16,07:05,84,ok
I00243,force_plate,2026-09-16,07:10,84,ok
I00244,rpe_form,2026-09-17,06:20,28,ok
I00245,session_log,2026-09-17,06:20,28,ok
I00246,wellness_form,2026-09-17,06:20,130,ok
I00247,gps,2026-09-17,07:05,84,ok
I00248,rpe_form,2026-09-18,06:20,56,ok
I00249,session_log,2026-09-18,06:20,56,ok
I00250,wellness_form,2026-09-18,06:20,130,ok
I00251,gps,2026-09-18,07:05,84,ok
I00252,rpe_form,2026-09-19,06:20,28,ok
I00253,session_log,2026-09-19,06:20,28,ok
I00254,wellness_form,2026-09-19,06:20,130,ok
I00255,gps,2026-09-19,07:05,84,ok
I00256,rpe_form,2026-09-20,06:20,26,ok
I00257,session_log,2026-09-20,06:20,26,ok
I00258,wellness_form,2026-09-20,06:20,125,ok
I00259,gps,2026-09-20,07:05,78,ok
I00260,rpe_form,2026-09-22,06:20,56,ok
I00261,session_log,2026-09-22,06:20,56,ok
I00262,wellness_form,2026-09-22,06:20,120,ok
I00263,gps,2026-09-22,07:05,84,ok
I00264,rpe_form,2026-09-23,06:20,28,ok
I00265,session_log,2026-09-23,06:20,28,ok
I00266,wellness_form,2026-09-23,06:20,125,ok
I00267,gps,2026-09-23,07:05,84,ok
I00268,force_plate,2026-09-23,07:10,84,ok
I00269,rpe_form,2026-09-24,06:20,28,ok
I00270,session_log,2026-09-24,06:20,28,ok
I00271,wellness_form,2026-09-24,06:20,135,ok
I00272,gps,2026-09-24,07:05,84,ok
I00273,rpe_form,2026-09-25,06:20,55,ok
I00274,session_log,2026-09-25,06:20,56,ok
I00275,wellness_form,2026-09-25,06:20,130,ok
I00276,gps,2026-09-25,07:05,84,ok
I00277,rpe_form,2026-09-26,06:20,28,ok
I00278,session_log,2026-09-26,06:20,28,ok
I00279,wellness_form,2026-09-26,06:20,125,ok
I00280,gps,2026-09-26,07:05,84,ok
I00281,rpe_form,2026-09-27,06:20,25,ok
I00282,session_log,2026-09-27,06:20,27,ok
I00283,wellness_form,2026-09-27,06:20,135,ok
I00284,gps,2026-09-27,07:05,81,ok
I00285,rpe_form,2026-09-29,06:20,56,ok
I00286,session_log,2026-09-29,06:20,56,ok
I00287,wellness_form,2026-09-29,06:20,120,ok
I00288,gps,2026-09-29,07:05,84,ok
I00289,rpe_form,2026-09-30,06:20,28,ok
I00290,session_log,2026-09-30,06:20,28,ok
I00291,wellness_form,2026-09-30,06:20,130,ok
I00292,gps,2026-09-30,07:05,84,ok
I00293,force_plate,2026-09-30,07:10,84,ok
I00294,rpe_form,2026-10-01,06:20,28,ok
I00295,session_log,2026-10-01,06:20,28,ok
I00296,wellness_form,2026-10-01,06:20,120,ok
I00297,gps,2026-10-01,07:05,84,ok
I00298,rpe_form,2026-10-02,06:20,55,ok
I00299,session_log,2026-10-02,06:20,56,ok
I00300,wellness_form,2026-10-02,06:20,120,ok
I00301,gps,2026-10-02,07:05,84,ok
I00302,rpe_form,2026-10-03,06:20,28,ok
I00303,session_log,2026-10-03,06:20,28,ok
I00304,wellness_form,2026-10-03,06:20,120,ok
I00305,gps,2026-10-03,07:05,84,ok
I00306,rpe_form,2026-10-04,06:20,25,ok
I00307,session_log,2026-10-04,06:20,26,ok
I00308,wellness_form,2026-10-04,06:20,120,ok
I00309,gps,2026-10-04,07:05,78,ok
