athlete_id,week_start,days_on_roster,days_complete,srpe_week_au,distance_week_m,hsr_week_m,distance_days_missing,days_out,days_modified,week_complete,days_label,week_label,name,group,email
A0001,2026-07-06,7,6,1430.0,20390.0,1109.0,0,0,0,no,6 of 7 days,"1,430 AU, 6 of 7 days",Athlete 01,Defenders,a0001@example.edu
A0001,2026-07-13,7,7,1910.0,20865.0,1141.0,0,0,0,yes,7 of 7 days,"1,910 AU, 7 of 7 days",Athlete 01,Defenders,a0001@example.edu
A0001,2026-07-20,7,7,3140.0,35593.0,2205.0,0,0,0,yes,7 of 7 days,"3,140 AU, 7 of 7 days",Athlete 01,Defenders,a0001@example.edu
A0001,2026-07-27,7,7,2780.0,26914.0,1610.0,0,0,1,yes,7 of 7 days,"2,780 AU, 7 of 7 days",Athlete 01,Defenders,a0001@example.edu
A0001,2026-08-03,7,7,2480.0,27430.0,1711.0,0,0,0,yes,7 of 7 days,"2,480 AU, 7 of 7 days",Athlete 01,Defenders,a0001@example.edu
A0001,2026-08-10,7,7,2660.0,27981.0,1504.0,0,0,0,yes,7 of 7 days,"2,660 AU, 7 of 7 days",Athlete 01,Defenders,a0001@example.edu
A0001,2026-08-17,7,7,3084.0,34007.0,2413.0,0,0,0,yes,7 of 7 days,"3,084 AU, 7 of 7 days",Athlete 01,Defenders,a0001@example.edu
A0001,2026-08-24,7,7,3080.0,36114.0,2294.0,0,0,0,yes,7 of 7 days,"3,080 AU, 7 of 7 days",Athlete 01,Defenders,a0001@example.edu
A0001,2026-08-31,7,7,2757.0,34230.0,2318.0,0,0,0,yes,7 of 7 days,"2,757 AU, 7 of 7 days",Athlete 01,Defenders,a0001@example.edu
A0001,2026-09-07,7,6,2254.0,33013.0,2450.0,0,0,0,no,6 of 7 days,"2,254 AU, 6 of 7 days",Athlete 01,Defenders,a0001@example.edu
A0001,2026-09-14,7,7,2611.0,30659.0,2090.0,0,0,1,yes,7 of 7 days,"2,611 AU, 7 of 7 days",Athlete 01,Defenders,a0001@example.edu
A0001,2026-09-21,7,7,2800.0,34596.0,2398.0,0,0,1,yes,7 of 7 days,"2,800 AU, 7 of 7 days",Athlete 01,Defenders,a0001@example.edu
A0001,2026-09-28,6,6,3046.0,32237.0,2378.0,0,0,0,no,6 of 7 days,"3,046 AU, 6 of 7 days",Athlete 01,Defenders,a0001@example.edu
A0002,2026-07-06,7,7,1820.0,20442.0,1162.0,0,0,0,yes,7 of 7 days,"1,820 AU, 7 of 7 days",Athlete 02,Defenders,a0002@example.edu
A0002,2026-07-13,7,7,1780.0,21899.0,1336.0,0,0,0,yes,7 of 7 days,"1,780 AU, 7 of 7 days",Athlete 02,Defenders,a0002@example.edu
A0002,2026-07-20,7,7,2980.0,35474.0,2015.0,0,0,0,yes,7 of 7 days,"2,980 AU, 7 of 7 days",Athlete 02,Defenders,a0002@example.edu
A0002,2026-07-27,7,7,2570.0,27628.0,1870.0,0,0,0,yes,7 of 7 days,"2,570 AU, 7 of 7 days",Athlete 02,Defenders,a0002@example.edu
A0002,2026-08-03,7,7,2680.0,29391.0,1817.0,0,0,0,yes,7 of 7 days,"2,680 AU, 7 of 7 days",Athlete 02,Defenders,a0002@example.edu
A0002,2026-08-10,7,6,2340.0,28992.0,1776.0,0,0,0,no,6 of 7 days,"2,340 AU, 6 of 7 days",Athlete 02,Defenders,a0002@example.edu
A0002,2026-08-17,7,6,2390.0,36147.0,2391.0,0,0,0,no,6 of 7 days,"2,390 AU, 6 of 7 days",Athlete 02,Defenders,a0002@example.edu
A0002,2026-08-24,7,7,2803.0,35268.0,2424.0,0,0,0,yes,7 of 7 days,"2,803 AU, 7 of 7 days",Athlete 02,Defenders,a0002@example.edu
A0002,2026-08-31,7,7,2947.0,35411.0,2522.0,0,0,0,yes,7 of 7 days,"2,947 AU, 7 of 7 days",Athlete 02,Defenders,a0002@example.edu
A0002,2026-09-07,7,7,2838.0,,,2,0,0,yes,7 of 7 days,"2,838 AU, 7 of 7 days",Athlete 02,Defenders,a0002@example.edu
A0002,2026-09-14,7,7,2883.0,34047.0,2257.0,0,0,0,yes,7 of 7 days,"2,883 AU, 7 of 7 days",Athlete 02,Defenders,a0002@example.edu
A0002,2026-09-21,7,6,2340.0,36604.0,2497.0,0,0,0,no,6 of 7 days,"2,340 AU, 6 of 7 days",Athlete 02,Defenders,a0002@example.edu
A0002,2026-09-28,6,6,3120.0,38112.0,2521.0,0,0,0,no,6 of 7 days,"3,120 AU, 6 of 7 days",Athlete 02,Defenders,a0002@example.edu
A0003,2026-07-06,7,7,1680.0,23658.0,1469.0,0,0,0,yes,7 of 7 days,"1,680 AU, 7 of 7 days",Athlete 03,Defenders,a0003@example.edu
A0003,2026-07-13,7,7,2050.0,25002.0,1507.0,0,0,0,yes,7 of 7 days,"2,050 AU, 7 of 7 days",Athlete 03,Defenders,a0003@example.edu
A0003,2026-07-20,7,7,3080.0,,,1,0,1,yes,7 of 7 days,"3,080 AU, 7 of 7 days",Athlete 03,Defenders,a0003@example.edu
A0003,2026-07-27,7,7,2430.0,,,1,0,0,yes,7 of 7 days,"2,430 AU, 7 of 7 days",Athlete 03,Defenders,a0003@example.edu
A0003,2026-08-03,7,7,2740.0,31962.0,1911.0,0,0,0,yes,7 of 7 days,"2,740 AU, 7 of 7 days",Athlete 03,Defenders,a0003@example.edu
A0003,2026-08-10,7,6,1990.0,31703.0,2010.0,0,0,0,no,6 of 7 days,"1,990 AU, 6 of 7 days",Athlete 03,Defenders,a0003@example.edu
A0003,2026-08-17,7,7,2918.0,41266.0,2750.0,0,0,0,yes,7 of 7 days,"2,918 AU, 7 of 7 days",Athlete 03,Defenders,a0003@example.edu
A0003,2026-08-24,7,6,2950.0,41575.0,2949.0,0,0,0,no,6 of 7 days,"2,950 AU, 6 of 7 days",Athlete 03,Defenders,a0003@example.edu
A0003,2026-08-31,7,6,2166.0,42506.0,3026.0,0,0,0,no,6 of 7 days,"2,166 AU, 6 of 7 days",Athlete 03,Defenders,a0003@example.edu
A0003,2026-09-07,7,7,3018.0,42923.0,2553.0,0,0,0,yes,7 of 7 days,"3,018 AU, 7 of 7 days",Athlete 03,Defenders,a0003@example.edu
A0003,2026-09-14,7,7,2846.0,42874.0,2766.0,0,0,0,yes,7 of 7 days,"2,846 AU, 7 of 7 days",Athlete 03,Defenders,a0003@example.edu
A0003,2026-09-21,7,7,3002.0,40788.0,3080.0,0,0,0,yes,7 of 7 days,"3,002 AU, 7 of 7 days",Athlete 03,Defenders,a0003@example.edu
A0003,2026-09-28,6,6,2962.0,,,1,0,0,no,6 of 7 days,"2,962 AU, 6 of 7 days",Athlete 03,Defenders,a0003@example.edu
A0004,2026-07-06,7,7,2000.0,20649.0,1415.0,0,0,0,yes,7 of 7 days,"2,000 AU, 7 of 7 days",Athlete 04,Defenders,a0004@example.edu
A0004,2026-07-13,7,7,2070.0,18941.0,1252.0,0,0,0,yes,7 of 7 days,"2,070 AU, 7 of 7 days",Athlete 04,Defenders,a0004@example.edu
A0004,2026-07-20,7,7,3440.0,32734.0,1826.0,0,0,0,yes,7 of 7 days,"3,440 AU, 7 of 7 days",Athlete 04,Defenders,a0004@example.edu
A0004,2026-07-27,7,7,2680.0,26118.0,1460.0,0,0,1,yes,7 of 7 days,"2,680 AU, 7 of 7 days",Athlete 04,Defenders,a0004@example.edu
A0004,2026-08-03,7,7,2400.0,25540.0,1511.0,0,0,0,yes,7 of 7 days,"2,400 AU, 7 of 7 days",Athlete 04,Defenders,a0004@example.edu
A0004,2026-08-10,7,7,2620.0,27191.0,1594.0,0,0,0,yes,7 of 7 days,"2,620 AU, 7 of 7 days",Athlete 04,Defenders,a0004@example.edu
A0004,2026-08-17,7,7,1390.0,17861.0,1459.0,0,3,0,yes,7 of 7 days,"1,390 AU, 7 of 7 days",Athlete 04,Defenders,a0004@example.edu
A0004,2026-08-24,7,7,2240.0,25249.0,1373.0,0,0,1,yes,7 of 7 days,"2,240 AU, 7 of 7 days",Athlete 04,Defenders,a0004@example.edu
A0004,2026-08-31,7,7,2905.0,31714.0,2067.0,0,0,0,yes,7 of 7 days,"2,905 AU, 7 of 7 days",Athlete 04,Defenders,a0004@example.edu
A0004,2026-09-07,7,7,2714.0,29138.0,2141.0,0,0,1,yes,7 of 7 days,"2,714 AU, 7 of 7 days",Athlete 04,Defenders,a0004@example.edu
A0004,2026-09-14,7,7,3039.0,34059.0,2311.0,0,0,0,yes,7 of 7 days,"3,039 AU, 7 of 7 days",Athlete 04,Defenders,a0004@example.edu
A0004,2026-09-21,7,7,3070.0,32781.0,2207.0,0,0,0,yes,7 of 7 days,"3,070 AU, 7 of 7 days",Athlete 04,Defenders,a0004@example.edu
A0004,2026-09-28,6,6,3020.0,34656.0,2416.0,0,0,0,no,6 of 7 days,"3,020 AU, 6 of 7 days",Athlete 04,Defenders,a0004@example.edu
A0005,2026-07-06,7,7,2035.0,19177.0,1138.0,0,0,1,yes,7 of 7 days,"2,035 AU, 7 of 7 days",Athlete 05,Defenders,a0005@example.edu
A0005,2026-07-13,7,6,1610.0,21273.0,1204.0,0,0,0,no,6 of 7 days,"1,610 AU, 6 of 7 days",Athlete 05,Defenders,a0005@example.edu
A0005,2026-07-20,7,6,2110.0,35147.0,1947.0,0,0,0,no,6 of 7 days,"2,110 AU, 6 of 7 days",Athlete 05,Defenders,a0005@example.edu
A0005,2026-07-27,7,7,2760.0,27585.0,1535.0,0,0,0,yes,7 of 7 days,"2,760 AU, 7 of 7 days",Athlete 05,Defenders,a0005@example.edu
A0005,2026-08-03,7,7,2450.0,27569.0,1651.0,0,0,0,yes,7 of 7 days,"2,450 AU, 7 of 7 days",Athlete 05,Defenders,a0005@example.edu
A0005,2026-08-10,7,7,2900.0,28229.0,1624.0,0,0,0,yes,7 of 7 days,"2,900 AU, 7 of 7 days",Athlete 05,Defenders,a0005@example.edu
A0005,2026-08-17,7,7,3292.0,37027.0,2327.0,0,0,0,yes,7 of 7 days,"3,292 AU, 7 of 7 days",Athlete 05,Defenders,a0005@example.edu
A0005,2026-08-24,7,6,2077.0,37271.0,2569.0,0,0,0,no,6 of 7 days,"2,077 AU, 6 of 7 days",Athlete 05,Defenders,a0005@example.edu
A0005,2026-08-31,7,7,3055.0,,,1,0,0,yes,7 of 7 days,"3,055 AU, 7 of 7 days",Athlete 05,Defenders,a0005@example.edu
A0005,2026-09-07,7,7,2866.0,36017.0,2448.0,0,0,0,yes,7 of 7 days,"2,866 AU, 7 of 7 days",Athlete 05,Defenders,a0005@example.edu
A0005,2026-09-14,7,7,2873.0,35827.0,2604.0,0,0,0,yes,7 of 7 days,"2,873 AU, 7 of 7 days",Athlete 05,Defenders,a0005@example.edu
A0005,2026-09-21,7,7,2910.0,33309.0,2490.0,0,0,1,yes,7 of 7 days,"2,910 AU, 7 of 7 days",Athlete 05,Defenders,a0005@example.edu
A0005,2026-09-28,6,6,2950.0,38051.0,2667.0,0,0,0,no,6 of 7 days,"2,950 AU, 6 of 7 days",Athlete 05,Defenders,a0005@example.edu
A0006,2026-07-06,7,7,1710.0,23948.0,1453.0,0,0,0,yes,7 of 7 days,"1,710 AU, 7 of 7 days",Athlete 06,Defenders,a0006@example.edu
A0006,2026-07-13,7,7,2040.0,23608.0,1486.0,0,0,0,yes,7 of 7 days,"2,040 AU, 7 of 7 days",Athlete 06,Defenders,a0006@example.edu
A0006,2026-07-20,7,7,3040.0,37089.0,2437.0,0,0,0,yes,7 of 7 days,"3,040 AU, 7 of 7 days",Athlete 06,Defenders,a0006@example.edu
A0006,2026-07-27,7,7,2330.0,30606.0,1815.0,0,0,0,yes,7 of 7 days,"2,330 AU, 7 of 7 days",Athlete 06,Defenders,a0006@example.edu
A0006,2026-08-03,7,7,2360.0,31800.0,1810.0,0,0,0,yes,7 of 7 days,"2,360 AU, 7 of 7 days",Athlete 06,Defenders,a0006@example.edu
A0006,2026-08-10,7,7,2860.0,31702.0,1914.0,0,0,0,yes,7 of 7 days,"2,860 AU, 7 of 7 days",Athlete 06,Defenders,a0006@example.edu
A0006,2026-08-17,7,7,3210.0,40730.0,2579.0,0,0,0,yes,7 of 7 days,"3,210 AU, 7 of 7 days",Athlete 06,Defenders,a0006@example.edu
A0006,2026-08-24,7,7,2969.0,39188.0,2574.0,0,0,0,yes,7 of 7 days,"2,969 AU, 7 of 7 days",Athlete 06,Defenders,a0006@example.edu
A0006,2026-08-31,7,7,3034.0,42397.0,3246.0,0,0,0,yes,7 of 7 days,"3,034 AU, 7 of 7 days",Athlete 06,Defenders,a0006@example.edu
A0006,2026-09-07,7,6,2130.0,38316.0,2412.0,0,0,1,no,6 of 7 days,"2,130 AU, 6 of 7 days",Athlete 06,Defenders,a0006@example.edu
A0006,2026-09-14,7,6,2612.0,39659.0,2638.0,0,0,0,no,6 of 7 days,"2,612 AU, 6 of 7 days",Athlete 06,Defenders,a0006@example.edu
A0006,2026-09-21,7,7,3220.0,39978.0,2812.0,0,0,0,yes,7 of 7 days,"3,220 AU, 7 of 7 days",Athlete 06,Defenders,a0006@example.edu
A0006,2026-09-28,6,6,2930.0,40527.0,2855.0,0,0,0,no,6 of 7 days,"2,930 AU, 6 of 7 days",Athlete 06,Defenders,a0006@example.edu
A0007,2026-07-06,7,7,1890.0,20569.0,1253.0,0,0,0,yes,7 of 7 days,"1,890 AU, 7 of 7 days",Athlete 07,Defenders,a0007@example.edu
A0007,2026-07-13,7,7,1540.0,,,1,0,0,yes,7 of 7 days,"1,540 AU, 7 of 7 days",Athlete 07,Defenders,a0007@example.edu
A0007,2026-07-20,7,7,3140.0,33558.0,1965.0,0,0,0,yes,7 of 7 days,"3,140 AU, 7 of 7 days",Athlete 07,Defenders,a0007@example.edu
A0007,2026-07-27,7,7,2340.0,26726.0,1598.0,0,0,0,yes,7 of 7 days,"2,340 AU, 7 of 7 days",Athlete 07,Defenders,a0007@example.edu
A0007,2026-08-03,7,7,2590.0,26907.0,1546.0,0,0,0,yes,7 of 7 days,"2,590 AU, 7 of 7 days",Athlete 07,Defenders,a0007@example.edu
A0007,2026-08-10,7,7,2480.0,25984.0,1375.0,0,0,0,yes,7 of 7 days,"2,480 AU, 7 of 7 days",Athlete 07,Defenders,a0007@example.edu
A0007,2026-08-17,7,6,2332.0,32048.0,1807.0,0,0,0,no,6 of 7 days,"2,332 AU, 6 of 7 days",Athlete 07,Defenders,a0007@example.edu
A0007,2026-08-24,7,7,3096.0,30324.0,1837.0,0,0,0,yes,7 of 7 days,"3,096 AU, 7 of 7 days",Athlete 07,Defenders,a0007@example.edu
A0007,2026-08-31,7,7,2770.0,34232.0,2442.0,0,0,0,yes,7 of 7 days,"2,770 AU, 7 of 7 days",Athlete 07,Defenders,a0007@example.edu
A0007,2026-09-07,7,7,3012.0,33304.0,2122.0,0,0,0,yes,7 of 7 days,"3,012 AU, 7 of 7 days",Athlete 07,Defenders,a0007@example.edu
A0007,2026-09-14,7,7,2837.0,,,1,0,0,yes,7 of 7 days,"2,837 AU, 7 of 7 days",Athlete 07,Defenders,a0007@example.edu
A0007,2026-09-21,7,7,2422.0,29294.0,1971.0,0,0,0,yes,7 of 7 days,"2,422 AU, 7 of 7 days",Athlete 07,Defenders,a0007@example.edu
A0007,2026-09-28,6,6,3182.0,33375.0,2337.0,0,0,0,no,6 of 7 days,"3,182 AU, 6 of 7 days",Athlete 07,Defenders,a0007@example.edu
A0008,2026-07-06,7,7,1910.0,23156.0,1424.0,0,0,0,yes,7 of 7 days,"1,910 AU, 7 of 7 days",Athlete 08,Defenders,a0008@example.edu
A0008,2026-07-13,7,7,1840.0,23083.0,1267.0,0,0,0,yes,7 of 7 days,"1,840 AU, 7 of 7 days",Athlete 08,Defenders,a0008@example.edu
A0008,2026-07-20,7,7,3170.0,34514.0,1979.0,0,0,0,yes,7 of 7 days,"3,170 AU, 7 of 7 days",Athlete 08,Defenders,a0008@example.edu
A0008,2026-07-27,7,7,2530.0,,,1,0,0,yes,7 of 7 days,"2,530 AU, 7 of 7 days",Athlete 08,Defenders,a0008@example.edu
A0008,2026-08-03,7,7,2580.0,30029.0,1980.0,0,0,0,yes,7 of 7 days,"2,580 AU, 7 of 7 days",Athlete 08,Defenders,a0008@example.edu
A0008,2026-08-10,7,7,2640.0,29219.0,1489.0,0,0,0,yes,7 of 7 days,"2,640 AU, 7 of 7 days",Athlete 08,Defenders,a0008@example.edu
A0008,2026-08-17,7,7,3450.0,40753.0,2599.0,0,0,0,yes,7 of 7 days,"3,450 AU, 7 of 7 days",Athlete 08,Defenders,a0008@example.edu
A0008,2026-08-24,7,7,3056.0,35982.0,2115.0,0,0,0,yes,7 of 7 days,"3,056 AU, 7 of 7 days",Athlete 08,Defenders,a0008@example.edu
A0008,2026-08-31,7,7,3188.0,37297.0,2279.0,0,0,0,yes,7 of 7 days,"3,188 AU, 7 of 7 days",Athlete 08,Defenders,a0008@example.edu
A0008,2026-09-07,7,7,3389.0,38194.0,2536.0,0,0,0,yes,7 of 7 days,"3,389 AU, 7 of 7 days",Athlete 08,Defenders,a0008@example.edu
A0008,2026-09-14,7,7,2997.0,,,1,0,0,yes,7 of 7 days,"2,997 AU, 7 of 7 days",Athlete 08,Defenders,a0008@example.edu
A0008,2026-09-21,7,7,3030.0,39045.0,2745.0,0,0,0,yes,7 of 7 days,"3,030 AU, 7 of 7 days",Athlete 08,Defenders,a0008@example.edu
A0008,2026-09-28,6,6,2998.0,,,1,0,0,no,6 of 7 days,"2,998 AU, 6 of 7 days",Athlete 08,Defenders,a0008@example.edu
A0009,2026-07-06,7,7,2010.0,21932.0,1125.0,0,0,0,yes,7 of 7 days,"2,010 AU, 7 of 7 days",Athlete 09,Defenders,a0009@example.edu
A0009,2026-07-13,7,7,1860.0,20781.0,1199.0,0,0,0,yes,7 of 7 days,"1,860 AU, 7 of 7 days",Athlete 09,Defenders,a0009@example.edu
A0009,2026-07-20,7,7,3160.0,,,1,0,0,yes,7 of 7 days,"3,160 AU, 7 of 7 days",Athlete 09,Defenders,a0009@example.edu
A0009,2026-07-27,7,7,2700.0,28486.0,1763.0,0,0,0,yes,7 of 7 days,"2,700 AU, 7 of 7 days",Athlete 09,Defenders,a0009@example.edu
A0009,2026-08-03,7,7,2620.0,26986.0,1763.0,0,0,0,yes,7 of 7 days,"2,620 AU, 7 of 7 days",Athlete 09,Defenders,a0009@example.edu
A0009,2026-08-10,7,7,2580.0,,,1,0,0,yes,7 of 7 days,"2,580 AU, 7 of 7 days",Athlete 09,Defenders,a0009@example.edu
A0009,2026-08-17,7,7,2667.0,,,1,0,0,yes,7 of 7 days,"2,667 AU, 7 of 7 days",Athlete 09,Defenders,a0009@example.edu
A0009,2026-08-24,7,7,2982.0,34020.0,2270.0,0,0,0,yes,7 of 7 days,"2,982 AU, 7 of 7 days",Athlete 09,Defenders,a0009@example.edu
A0009,2026-08-31,7,7,2794.0,36763.0,2491.0,0,0,0,yes,7 of 7 days,"2,794 AU, 7 of 7 days",Athlete 09,Defenders,a0009@example.edu
A0009,2026-09-07,7,7,2718.0,33123.0,2039.0,0,0,0,yes,7 of 7 days,"2,718 AU, 7 of 7 days",Athlete 09,Defenders,a0009@example.edu
A0009,2026-09-14,7,7,3110.0,36834.0,2747.0,0,0,0,yes,7 of 7 days,"3,110 AU, 7 of 7 days",Athlete 09,Defenders,a0009@example.edu
A0009,2026-09-21,7,7,2993.0,35148.0,2346.0,0,0,0,yes,7 of 7 days,"2,993 AU, 7 of 7 days",Athlete 09,Defenders,a0009@example.edu
A0009,2026-09-28,6,6,3077.0,34627.0,2455.0,0,0,0,no,6 of 7 days,"3,077 AU, 6 of 7 days",Athlete 09,Defenders,a0009@example.edu
A0010,2026-07-06,7,7,2180.0,20590.0,1152.0,0,0,0,yes,7 of 7 days,"2,180 AU, 7 of 7 days",Athlete 10,Midfielders,a0010@example.edu
A0010,2026-07-13,7,7,1960.0,21331.0,1288.0,0,0,0,yes,7 of 7 days,"1,960 AU, 7 of 7 days",Athlete 10,Midfielders,a0010@example.edu
A0010,2026-07-20,7,7,2990.0,33392.0,2102.0,0,0,0,yes,7 of 7 days,"2,990 AU, 7 of 7 days",Athlete 10,Midfielders,a0010@example.edu
A0010,2026-07-27,7,7,2780.0,29220.0,1594.0,0,0,0,yes,7 of 7 days,"2,780 AU, 7 of 7 days",Athlete 10,Midfielders,a0010@example.edu
A0010,2026-08-03,7,7,2245.0,27359.0,1559.0,0,0,1,yes,7 of 7 days,"2,245 AU, 7 of 7 days",Athlete 10,Midfielders,a0010@example.edu
A0010,2026-08-10,7,7,2590.0,28686.0,1631.0,0,0,0,yes,7 of 7 days,"2,590 AU, 7 of 7 days",Athlete 10,Midfielders,a0010@example.edu
A0010,2026-08-17,7,7,2760.0,26920.0,1633.0,0,0,1,yes,7 of 7 days,"2,760 AU, 7 of 7 days",Athlete 10,Midfielders,a0010@example.edu
A0010,2026-08-24,7,7,2871.0,35543.0,2231.0,0,0,0,yes,7 of 7 days,"2,871 AU, 7 of 7 days",Athlete 10,Midfielders,a0010@example.edu
A0010,2026-08-31,7,7,3076.0,,,1,0,0,yes,7 of 7 days,"3,076 AU, 7 of 7 days",Athlete 10,Midfielders,a0010@example.edu
A0010,2026-09-07,7,7,2925.0,37433.0,2754.0,0,0,0,yes,7 of 7 days,"2,925 AU, 7 of 7 days",Athlete 10,Midfielders,a0010@example.edu
A0010,2026-09-14,7,7,3250.0,35387.0,2248.0,0,0,0,yes,7 of 7 days,"3,250 AU, 7 of 7 days",Athlete 10,Midfielders,a0010@example.edu
A0010,2026-09-21,7,6,2430.0,34320.0,2332.0,0,0,0,no,6 of 7 days,"2,430 AU, 6 of 7 days",Athlete 10,Midfielders,a0010@example.edu
A0010,2026-09-28,6,6,2543.0,35997.0,2522.0,0,0,0,no,6 of 7 days,"2,543 AU, 6 of 7 days",Athlete 10,Midfielders,a0010@example.edu
A0011,2026-07-06,7,7,1950.0,17144.0,1091.0,0,0,0,yes,7 of 7 days,"1,950 AU, 7 of 7 days",Athlete 11,Midfielders,a0011@example.edu
A0011,2026-07-13,7,7,1790.0,17517.0,1025.0,0,0,0,yes,7 of 7 days,"1,790 AU, 7 of 7 days",Athlete 11,Midfielders,a0011@example.edu
A0011,2026-07-20,7,7,3240.0,28854.0,1813.0,0,0,0,yes,7 of 7 days,"3,240 AU, 7 of 7 days",Athlete 11,Midfielders,a0011@example.edu
A0011,2026-07-27,7,7,2650.0,22957.0,1538.0,0,0,0,yes,7 of 7 days,"2,650 AU, 7 of 7 days",Athlete 11,Midfielders,a0011@example.edu
A0011,2026-08-03,7,7,2540.0,23813.0,1369.0,0,0,1,yes,7 of 7 days,"2,540 AU, 7 of 7 days",Athlete 11,Midfielders,a0011@example.edu
A0011,2026-08-10,7,7,2700.0,22982.0,1340.0,0,0,0,yes,7 of 7 days,"2,700 AU, 7 of 7 days",Athlete 11,Midfielders,a0011@example.edu
A0011,2026-08-17,7,7,2696.0,25564.0,1795.0,0,0,1,yes,7 of 7 days,"2,696 AU, 7 of 7 days",Athlete 11,Midfielders,a0011@example.edu
A0011,2026-08-24,7,7,3250.0,29846.0,2051.0,0,0,0,yes,7 of 7 days,"3,250 AU, 7 of 7 days",Athlete 11,Midfielders,a0011@example.edu
A0011,2026-08-31,7,7,3145.0,31108.0,2086.0,0,0,0,yes,7 of 7 days,"3,145 AU, 7 of 7 days",Athlete 11,Midfielders,a0011@example.edu
A0011,2026-09-07,7,7,2610.0,,,1,0,0,yes,7 of 7 days,"2,610 AU, 7 of 7 days",Athlete 11,Midfielders,a0011@example.edu
A0011,2026-09-14,7,7,3010.0,26305.0,1706.0,0,0,0,yes,7 of 7 days,"3,010 AU, 7 of 7 days",Athlete 11,Midfielders,a0011@example.edu
A0011,2026-09-21,7,7,3059.0,29421.0,2221.0,0,0,0,yes,7 of 7 days,"3,059 AU, 7 of 7 days",Athlete 11,Midfielders,a0011@example.edu
A0011,2026-09-28,6,6,3095.0,29856.0,1825.0,0,0,0,no,6 of 7 days,"3,095 AU, 6 of 7 days",Athlete 11,Midfielders,a0011@example.edu
A0012,2026-07-06,7,7,1640.0,,,1,0,0,yes,7 of 7 days,"1,640 AU, 7 of 7 days",Athlete 12,Midfielders,a0012@example.edu
A0012,2026-07-13,7,7,1710.0,22483.0,1365.0,0,0,0,yes,7 of 7 days,"1,710 AU, 7 of 7 days",Athlete 12,Midfielders,a0012@example.edu
A0012,2026-07-20,7,6,2440.0,38239.0,2181.0,0,0,0,no,6 of 7 days,"2,440 AU, 6 of 7 days",Athlete 12,Midfielders,a0012@example.edu
A0012,2026-07-27,7,7,2390.0,31122.0,1939.0,0,0,1,yes,7 of 7 days,"2,390 AU, 7 of 7 days",Athlete 12,Midfielders,a0012@example.edu
A0012,2026-08-03,7,7,2630.0,29108.0,1730.0,0,0,0,yes,7 of 7 days,"2,630 AU, 7 of 7 days",Athlete 12,Midfielders,a0012@example.edu
A0012,2026-08-10,7,7,2710.0,31474.0,1970.0,0,0,1,yes,7 of 7 days,"2,710 AU, 7 of 7 days",Athlete 12,Midfielders,a0012@example.edu
A0012,2026-08-17,7,7,2876.0,38970.0,2680.0,0,0,0,yes,7 of 7 days,"2,876 AU, 7 of 7 days",Athlete 12,Midfielders,a0012@example.edu
A0012,2026-08-24,7,7,3020.0,36757.0,2766.0,0,0,1,yes,7 of 7 days,"3,020 AU, 7 of 7 days",Athlete 12,Midfielders,a0012@example.edu
A0012,2026-08-31,7,7,3032.0,38827.0,2253.0,0,0,0,yes,7 of 7 days,"3,032 AU, 7 of 7 days",Athlete 12,Midfielders,a0012@example.edu
A0012,2026-09-07,7,7,2726.0,40599.0,2848.0,0,0,0,yes,7 of 7 days,"2,726 AU, 7 of 7 days",Athlete 12,Midfielders,a0012@example.edu
A0012,2026-09-14,7,7,3143.0,38333.0,2862.0,0,0,0,yes,7 of 7 days,"3,143 AU, 7 of 7 days",Athlete 12,Midfielders,a0012@example.edu
A0012,2026-09-21,7,7,2934.0,38068.0,2996.0,0,0,0,yes,7 of 7 days,"2,934 AU, 7 of 7 days",Athlete 12,Midfielders,a0012@example.edu
A0012,2026-09-28,6,6,3330.0,40742.0,2886.0,0,0,0,no,6 of 7 days,"3,330 AU, 6 of 7 days",Athlete 12,Midfielders,a0012@example.edu
A0013,2026-07-06,7,7,2060.0,22268.0,1352.0,0,0,0,yes,7 of 7 days,"2,060 AU, 7 of 7 days",Athlete 13,Midfielders,a0013@example.edu
A0013,2026-07-13,7,7,2090.0,,,1,0,0,yes,7 of 7 days,"2,090 AU, 7 of 7 days",Athlete 13,Midfielders,a0013@example.edu
A0013,2026-07-20,7,7,3040.0,37312.0,2173.0,0,0,0,yes,7 of 7 days,"3,040 AU, 7 of 7 days",Athlete 13,Midfielders,a0013@example.edu
A0013,2026-07-27,7,7,2280.0,,,1,0,0,yes,7 of 7 days,"2,280 AU, 7 of 7 days",Athlete 13,Midfielders,a0013@example.edu
A0013,2026-08-03,7,7,2380.0,29321.0,1803.0,0,0,0,yes,7 of 7 days,"2,380 AU, 7 of 7 days",Athlete 13,Midfielders,a0013@example.edu
A0013,2026-08-10,7,7,2450.0,29244.0,1782.0,0,0,0,yes,7 of 7 days,"2,450 AU, 7 of 7 days",Athlete 13,Midfielders,a0013@example.edu
A0013,2026-08-17,7,7,2998.0,,,1,0,0,yes,7 of 7 days,"2,998 AU, 7 of 7 days",Athlete 13,Midfielders,a0013@example.edu
A0013,2026-08-24,7,7,3240.0,,,1,0,0,yes,7 of 7 days,"3,240 AU, 7 of 7 days",Athlete 13,Midfielders,a0013@example.edu
A0013,2026-08-31,7,7,2487.0,34961.0,2175.0,0,0,0,yes,7 of 7 days,"2,487 AU, 7 of 7 days",Athlete 13,Midfielders,a0013@example.edu
A0013,2026-09-07,7,7,2714.0,38517.0,2912.0,0,0,0,yes,7 of 7 days,"2,714 AU, 7 of 7 days",Athlete 13,Midfielders,a0013@example.edu
A0013,2026-09-14,7,7,2936.0,36299.0,2476.0,0,0,0,yes,7 of 7 days,"2,936 AU, 7 of 7 days",Athlete 13,Midfielders,a0013@example.edu
A0013,2026-09-21,7,7,2644.0,33997.0,2252.0,0,0,0,yes,7 of 7 days,"2,644 AU, 7 of 7 days",Athlete 13,Midfielders,a0013@example.edu
A0013,2026-09-28,6,6,3076.0,39755.0,2824.0,0,0,0,no,6 of 7 days,"3,076 AU, 6 of 7 days",Athlete 13,Midfielders,a0013@example.edu
A0014,2026-07-06,7,7,1730.0,23325.0,1377.0,0,0,0,yes,7 of 7 days,"1,730 AU, 7 of 7 days",Athlete 14,Midfielders,a0014@example.edu
A0014,2026-07-13,7,7,1780.0,23284.0,1340.0,0,0,0,yes,7 of 7 days,"1,780 AU, 7 of 7 days",Athlete 14,Midfielders,a0014@example.edu
A0014,2026-07-20,7,6,2050.0,34613.0,2153.0,0,0,1,no,6 of 7 days,"2,050 AU, 6 of 7 days",Athlete 14,Midfielders,a0014@example.edu
A0014,2026-07-27,7,7,2770.0,33093.0,2052.0,0,0,0,yes,7 of 7 days,"2,770 AU, 7 of 7 days",Athlete 14,Midfielders,a0014@example.edu
A0014,2026-08-03,7,7,2670.0,31629.0,1801.0,0,0,0,yes,7 of 7 days,"2,670 AU, 7 of 7 days",Athlete 14,Midfielders,a0014@example.edu
A0014,2026-08-10,7,7,2890.0,,,1,0,0,yes,7 of 7 days,"2,890 AU, 7 of 7 days",Athlete 14,Midfielders,a0014@example.edu
A0014,2026-08-17,7,7,3014.0,38996.0,2952.0,0,0,0,yes,7 of 7 days,"3,014 AU, 7 of 7 days",Athlete 14,Midfielders,a0014@example.edu
A0014,2026-08-24,7,7,2714.0,40071.0,2476.0,0,0,0,yes,7 of 7 days,"2,714 AU, 7 of 7 days",Athlete 14,Midfielders,a0014@example.edu
A0014,2026-08-31,7,7,2974.0,37378.0,2331.0,0,0,0,yes,7 of 7 days,"2,974 AU, 7 of 7 days",Athlete 14,Midfielders,a0014@example.edu
A0014,2026-09-07,7,7,2823.0,40809.0,2584.0,0,0,0,yes,7 of 7 days,"2,823 AU, 7 of 7 days",Athlete 14,Midfielders,a0014@example.edu
A0014,2026-09-14,7,7,3250.0,,,2,0,0,yes,7 of 7 days,"3,250 AU, 7 of 7 days",Athlete 14,Midfielders,a0014@example.edu
A0014,2026-09-21,7,7,3385.0,42952.0,2807.0,0,0,0,yes,7 of 7 days,"3,385 AU, 7 of 7 days",Athlete 14,Midfielders,a0014@example.edu
A0014,2026-09-28,6,6,2988.0,37992.0,2221.0,0,0,0,no,6 of 7 days,"2,988 AU, 6 of 7 days",Athlete 14,Midfielders,a0014@example.edu
A0015,2026-07-06,7,7,1910.0,20986.0,1196.0,0,0,0,yes,7 of 7 days,"1,910 AU, 7 of 7 days",Athlete 15,Midfielders,a0015@example.edu
A0015,2026-07-13,7,7,1780.0,20743.0,1133.0,0,0,0,yes,7 of 7 days,"1,780 AU, 7 of 7 days",Athlete 15,Midfielders,a0015@example.edu
A0015,2026-07-20,7,7,3600.0,,,1,0,0,yes,7 of 7 days,"3,600 AU, 7 of 7 days",Athlete 15,Midfielders,a0015@example.edu
A0015,2026-07-27,7,7,2610.0,28077.0,1573.0,0,0,0,yes,7 of 7 days,"2,610 AU, 7 of 7 days",Athlete 15,Midfielders,a0015@example.edu
A0015,2026-08-03,7,7,2810.0,28965.0,1816.0,0,0,0,yes,7 of 7 days,"2,810 AU, 7 of 7 days",Athlete 15,Midfielders,a0015@example.edu
A0015,2026-08-10,7,7,2660.0,27574.0,1525.0,0,0,0,yes,7 of 7 days,"2,660 AU, 7 of 7 days",Athlete 15,Midfielders,a0015@example.edu
A0015,2026-08-17,7,7,2683.0,33508.0,2342.0,0,0,1,yes,7 of 7 days,"2,683 AU, 7 of 7 days",Athlete 15,Midfielders,a0015@example.edu
A0015,2026-08-24,7,6,2340.0,36043.0,2132.0,0,0,0,no,6 of 7 days,"2,340 AU, 6 of 7 days",Athlete 15,Midfielders,a0015@example.edu
A0015,2026-08-31,7,7,3198.0,37893.0,2834.0,0,0,0,yes,7 of 7 days,"3,198 AU, 7 of 7 days",Athlete 15,Midfielders,a0015@example.edu
A0015,2026-09-07,7,7,3095.0,38207.0,2743.0,0,0,0,yes,7 of 7 days,"3,095 AU, 7 of 7 days",Athlete 15,Midfielders,a0015@example.edu
A0015,2026-09-14,7,7,2926.0,32673.0,2013.0,0,0,0,yes,7 of 7 days,"2,926 AU, 7 of 7 days",Athlete 15,Midfielders,a0015@example.edu
A0015,2026-09-21,7,7,2750.0,35511.0,2272.0,0,0,0,yes,7 of 7 days,"2,750 AU, 7 of 7 days",Athlete 15,Midfielders,a0015@example.edu
A0015,2026-09-28,6,6,2497.0,28409.0,1809.0,0,0,1,no,6 of 7 days,"2,497 AU, 6 of 7 days",Athlete 15,Midfielders,a0015@example.edu
A0016,2026-07-06,7,7,2050.0,22768.0,1453.0,0,0,0,yes,7 of 7 days,"2,050 AU, 7 of 7 days",Athlete 16,Midfielders,a0016@example.edu
A0016,2026-07-13,7,7,2100.0,21334.0,1256.0,0,0,0,yes,7 of 7 days,"2,100 AU, 7 of 7 days",Athlete 16,Midfielders,a0016@example.edu
A0016,2026-07-20,7,7,3190.0,37705.0,2314.0,0,0,0,yes,7 of 7 days,"3,190 AU, 7 of 7 days",Athlete 16,Midfielders,a0016@example.edu
A0016,2026-07-27,7,7,2310.0,,,1,0,0,yes,7 of 7 days,"2,310 AU, 7 of 7 days",Athlete 16,Midfielders,a0016@example.edu
A0016,2026-08-03,7,7,2200.0,29139.0,1787.0,0,0,0,yes,7 of 7 days,"2,200 AU, 7 of 7 days",Athlete 16,Midfielders,a0016@example.edu
A0016,2026-08-10,7,7,2420.0,30235.0,2057.0,0,0,0,yes,7 of 7 days,"2,420 AU, 7 of 7 days",Athlete 16,Midfielders,a0016@example.edu
A0016,2026-08-17,7,7,3281.0,41011.0,2748.0,0,0,0,yes,7 of 7 days,"3,281 AU, 7 of 7 days",Athlete 16,Midfielders,a0016@example.edu
A0016,2026-08-24,7,7,3180.0,40692.0,2945.0,0,0,0,yes,7 of 7 days,"3,180 AU, 7 of 7 days",Athlete 16,Midfielders,a0016@example.edu
A0016,2026-08-31,7,7,2435.0,,,2,0,1,yes,7 of 7 days,"2,435 AU, 7 of 7 days",Athlete 16,Midfielders,a0016@example.edu
A0016,2026-09-07,7,7,3059.0,38898.0,2215.0,0,0,0,yes,7 of 7 days,"3,059 AU, 7 of 7 days",Athlete 16,Midfielders,a0016@example.edu
A0016,2026-09-14,7,7,2818.0,38930.0,2631.0,0,0,0,yes,7 of 7 days,"2,818 AU, 7 of 7 days",Athlete 16,Midfielders,a0016@example.edu
A0016,2026-09-21,7,7,3284.0,34730.0,2293.0,0,0,0,yes,7 of 7 days,"3,284 AU, 7 of 7 days",Athlete 16,Midfielders,a0016@example.edu
A0016,2026-09-28,6,6,3112.0,38767.0,2796.0,0,0,0,no,6 of 7 days,"3,112 AU, 6 of 7 days",Athlete 16,Midfielders,a0016@example.edu
A0017,2026-07-06,7,7,1710.0,,,1,0,0,yes,7 of 7 days,"1,710 AU, 7 of 7 days",Athlete 17,Midfielders,a0017@example.edu
A0017,2026-07-13,7,6,1350.0,24319.0,1476.0,0,0,0,no,6 of 7 days,"1,350 AU, 6 of 7 days",Athlete 17,Midfielders,a0017@example.edu
A0017,2026-07-20,7,6,2560.0,44737.0,2912.0,0,0,0,no,6 of 7 days,"2,560 AU, 6 of 7 days",Athlete 17,Midfielders,a0017@example.edu
A0017,2026-07-27,7,7,2630.0,31709.0,2061.0,0,0,0,yes,7 of 7 days,"2,630 AU, 7 of 7 days",Athlete 17,Midfielders,a0017@example.edu
A0017,2026-08-03,7,7,2640.0,32510.0,1930.0,0,0,0,yes,7 of 7 days,"2,640 AU, 7 of 7 days",Athlete 17,Midfielders,a0017@example.edu
A0017,2026-08-10,7,6,1750.0,33593.0,2018.0,0,0,0,no,6 of 7 days,"1,750 AU, 6 of 7 days",Athlete 17,Midfielders,a0017@example.edu
A0017,2026-08-17,7,7,3269.0,43436.0,2507.0,0,0,0,yes,7 of 7 days,"3,269 AU, 7 of 7 days",Athlete 17,Midfielders,a0017@example.edu
A0017,2026-08-24,7,7,2784.0,40967.0,2844.0,0,0,0,yes,7 of 7 days,"2,784 AU, 7 of 7 days",Athlete 17,Midfielders,a0017@example.edu
A0017,2026-08-31,7,7,3106.0,38842.0,2577.0,0,0,0,yes,7 of 7 days,"3,106 AU, 7 of 7 days",Athlete 17,Midfielders,a0017@example.edu
A0017,2026-09-07,7,7,2893.0,41304.0,2775.0,0,0,0,yes,7 of 7 days,"2,893 AU, 7 of 7 days",Athlete 17,Midfielders,a0017@example.edu
A0017,2026-09-14,7,7,2778.0,41800.0,2954.0,0,0,0,yes,7 of 7 days,"2,778 AU, 7 of 7 days",Athlete 17,Midfielders,a0017@example.edu
A0017,2026-09-21,7,7,2961.0,41924.0,2618.0,0,0,0,yes,7 of 7 days,"2,961 AU, 7 of 7 days",Athlete 17,Midfielders,a0017@example.edu
A0017,2026-09-28,6,6,2908.0,43908.0,2764.0,0,0,0,no,6 of 7 days,"2,908 AU, 6 of 7 days",Athlete 17,Midfielders,a0017@example.edu
A0018,2026-07-06,7,7,1880.0,21644.0,1347.0,0,0,0,yes,7 of 7 days,"1,880 AU, 7 of 7 days",Athlete 18,Midfielders,a0018@example.edu
A0018,2026-07-13,7,7,1850.0,23395.0,1228.0,0,0,0,yes,7 of 7 days,"1,850 AU, 7 of 7 days",Athlete 18,Midfielders,a0018@example.edu
A0018,2026-07-20,7,7,3180.0,35874.0,1988.0,0,0,0,yes,7 of 7 days,"3,180 AU, 7 of 7 days",Athlete 18,Midfielders,a0018@example.edu
A0018,2026-07-27,7,7,2690.0,28360.0,1502.0,0,0,0,yes,7 of 7 days,"2,690 AU, 7 of 7 days",Athlete 18,Midfielders,a0018@example.edu
A0018,2026-08-03,7,6,2080.0,30158.0,1972.0,0,0,0,no,6 of 7 days,"2,080 AU, 6 of 7 days",Athlete 18,Midfielders,a0018@example.edu
A0018,2026-08-10,7,7,2670.0,29922.0,1833.0,0,0,0,yes,7 of 7 days,"2,670 AU, 7 of 7 days",Athlete 18,Midfielders,a0018@example.edu
A0018,2026-08-17,7,7,3100.0,36860.0,2756.0,0,0,0,yes,7 of 7 days,"3,100 AU, 7 of 7 days",Athlete 18,Midfielders,a0018@example.edu
A0018,2026-08-24,7,7,2746.0,34541.0,2494.0,0,0,0,yes,7 of 7 days,"2,746 AU, 7 of 7 days",Athlete 18,Midfielders,a0018@example.edu
A0018,2026-08-31,7,7,3116.0,37671.0,2721.0,0,0,0,yes,7 of 7 days,"3,116 AU, 7 of 7 days",Athlete 18,Midfielders,a0018@example.edu
A0018,2026-09-07,7,7,3095.0,38821.0,2757.0,0,0,0,yes,7 of 7 days,"3,095 AU, 7 of 7 days",Athlete 18,Midfielders,a0018@example.edu
A0018,2026-09-14,7,6,2590.0,38601.0,2757.0,0,0,0,no,6 of 7 days,"2,590 AU, 6 of 7 days",Athlete 18,Midfielders,a0018@example.edu
A0018,2026-09-21,7,7,2717.0,36560.0,2399.0,0,0,0,yes,7 of 7 days,"2,717 AU, 7 of 7 days",Athlete 18,Midfielders,a0018@example.edu
A0018,2026-09-28,6,6,3150.0,39063.0,2751.0,0,0,0,no,6 of 7 days,"3,150 AU, 6 of 7 days",Athlete 18,Midfielders,a0018@example.edu
A0019,2026-07-06,7,7,1940.0,23448.0,1506.0,0,0,0,yes,7 of 7 days,"1,940 AU, 7 of 7 days",Athlete 19,Forwards,a0019@example.edu
A0019,2026-07-13,7,7,1790.0,23513.0,1555.0,0,0,0,yes,7 of 7 days,"1,790 AU, 7 of 7 days",Athlete 19,Forwards,a0019@example.edu
A0019,2026-07-20,7,7,2900.0,,,1,0,0,yes,7 of 7 days,"2,900 AU, 7 of 7 days",Athlete 19,Forwards,a0019@example.edu
A0019,2026-07-27,7,6,2240.0,31249.0,1924.0,0,0,0,no,6 of 7 days,"2,240 AU, 6 of 7 days",Athlete 19,Forwards,a0019@example.edu
A0019,2026-08-03,7,7,2580.0,30533.0,1933.0,0,0,0,yes,7 of 7 days,"2,580 AU, 7 of 7 days",Athlete 19,Forwards,a0019@example.edu
A0019,2026-08-10,7,7,2860.0,30372.0,1917.0,0,0,0,yes,7 of 7 days,"2,860 AU, 7 of 7 days",Athlete 19,Forwards,a0019@example.edu
A0019,2026-08-17,7,7,2787.0,35542.0,2198.0,0,0,0,yes,7 of 7 days,"2,787 AU, 7 of 7 days",Athlete 19,Forwards,a0019@example.edu
A0019,2026-08-24,7,7,3275.0,41019.0,2689.0,0,0,0,yes,7 of 7 days,"3,275 AU, 7 of 7 days",Athlete 19,Forwards,a0019@example.edu
A0019,2026-08-31,7,7,690.0,6843.0,447.0,0,6,0,yes,7 of 7 days,"690 AU, 7 of 7 days",Athlete 19,Forwards,a0019@example.edu
A0019,2026-09-07,7,7,0.0,0.0,0.0,0,6,1,yes,7 of 7 days,"0 AU, 7 of 7 days",Athlete 19,Forwards,a0019@example.edu
A0019,2026-09-14,7,7,1350.0,14862.0,942.0,0,0,6,yes,7 of 7 days,"1,350 AU, 7 of 7 days",Athlete 19,Forwards,a0019@example.edu
A0019,2026-09-21,7,7,2900.0,,,1,0,0,yes,7 of 7 days,"2,900 AU, 7 of 7 days",Athlete 19,Forwards,a0019@example.edu
A0019,2026-09-28,6,5,2448.0,37361.0,2307.0,0,0,0,no,5 of 7 days,"2,448 AU, 5 of 7 days",Athlete 19,Forwards,a0019@example.edu
A0020,2026-07-06,7,6,1520.0,23070.0,1300.0,0,0,0,no,6 of 7 days,"1,520 AU, 6 of 7 days",Athlete 20,Forwards,a0020@example.edu
A0020,2026-07-13,7,7,1810.0,23160.0,1534.0,0,0,0,yes,7 of 7 days,"1,810 AU, 7 of 7 days",Athlete 20,Forwards,a0020@example.edu
A0020,2026-07-20,7,7,3270.0,35700.0,2276.0,0,0,0,yes,7 of 7 days,"3,270 AU, 7 of 7 days",Athlete 20,Forwards,a0020@example.edu
A0020,2026-07-27,7,7,2790.0,,,1,0,1,yes,7 of 7 days,"2,790 AU, 7 of 7 days",Athlete 20,Forwards,a0020@example.edu
A0020,2026-08-03,7,6,1910.0,,,1,0,0,no,6 of 7 days,"1,910 AU, 6 of 7 days",Athlete 20,Forwards,a0020@example.edu
A0020,2026-08-10,7,7,2610.0,29242.0,1654.0,0,0,0,yes,7 of 7 days,"2,610 AU, 7 of 7 days",Athlete 20,Forwards,a0020@example.edu
A0020,2026-08-17,7,7,3250.0,,,1,0,0,yes,7 of 7 days,"3,250 AU, 7 of 7 days",Athlete 20,Forwards,a0020@example.edu
A0020,2026-08-24,7,7,3236.0,35594.0,2147.0,0,0,0,yes,7 of 7 days,"3,236 AU, 7 of 7 days",Athlete 20,Forwards,a0020@example.edu
A0020,2026-08-31,7,7,2956.0,38416.0,2602.0,0,0,0,yes,7 of 7 days,"2,956 AU, 7 of 7 days",Athlete 20,Forwards,a0020@example.edu
A0020,2026-09-07,7,7,2918.0,38962.0,2757.0,0,0,0,yes,7 of 7 days,"2,918 AU, 7 of 7 days",Athlete 20,Forwards,a0020@example.edu
A0020,2026-09-14,7,7,3034.0,34063.0,2197.0,0,0,0,yes,7 of 7 days,"3,034 AU, 7 of 7 days",Athlete 20,Forwards,a0020@example.edu
A0020,2026-09-21,7,7,2994.0,39202.0,2688.0,0,0,0,yes,7 of 7 days,"2,994 AU, 7 of 7 days",Athlete 20,Forwards,a0020@example.edu
A0020,2026-09-28,6,6,3073.0,37666.0,2883.0,0,0,0,no,6 of 7 days,"3,073 AU, 6 of 7 days",Athlete 20,Forwards,a0020@example.edu
A0021,2026-07-06,7,7,2340.0,22223.0,1433.0,0,0,0,yes,7 of 7 days,"2,340 AU, 7 of 7 days",Athlete 21,Forwards,a0021@example.edu
A0021,2026-07-13,7,7,1720.0,21426.0,1045.0,0,0,0,yes,7 of 7 days,"1,720 AU, 7 of 7 days",Athlete 21,Forwards,a0021@example.edu
A0021,2026-07-20,7,7,3050.0,38297.0,2329.0,0,0,0,yes,7 of 7 days,"3,050 AU, 7 of 7 days",Athlete 21,Forwards,a0021@example.edu
A0021,2026-07-27,7,7,2700.0,29858.0,1595.0,0,0,0,yes,7 of 7 days,"2,700 AU, 7 of 7 days",Athlete 21,Forwards,a0021@example.edu
A0021,2026-08-03,7,7,2520.0,28982.0,1809.0,0,0,0,yes,7 of 7 days,"2,520 AU, 7 of 7 days",Athlete 21,Forwards,a0021@example.edu
A0021,2026-08-10,7,7,2500.0,,,1,0,0,yes,7 of 7 days,"2,500 AU, 7 of 7 days",Athlete 21,Forwards,a0021@example.edu
A0021,2026-08-17,7,7,3278.0,38451.0,2662.0,0,0,0,yes,7 of 7 days,"3,278 AU, 7 of 7 days",Athlete 21,Forwards,a0021@example.edu
A0021,2026-08-24,7,7,3350.0,38508.0,2611.0,0,0,0,yes,7 of 7 days,"3,350 AU, 7 of 7 days",Athlete 21,Forwards,a0021@example.edu
A0021,2026-08-31,7,7,2695.0,37546.0,1981.0,0,0,0,yes,7 of 7 days,"2,695 AU, 7 of 7 days",Athlete 21,Forwards,a0021@example.edu
A0021,2026-09-07,7,7,2768.0,,,1,0,0,yes,7 of 7 days,"2,768 AU, 7 of 7 days",Athlete 21,Forwards,a0021@example.edu
A0021,2026-09-14,7,7,3004.0,38880.0,2462.0,0,0,0,yes,7 of 7 days,"3,004 AU, 7 of 7 days",Athlete 21,Forwards,a0021@example.edu
A0021,2026-09-21,7,7,2964.0,35530.0,2620.0,0,0,0,yes,7 of 7 days,"2,964 AU, 7 of 7 days",Athlete 21,Forwards,a0021@example.edu
A0021,2026-09-28,6,6,2955.0,39801.0,2847.0,0,0,0,no,6 of 7 days,"2,955 AU, 6 of 7 days",Athlete 21,Forwards,a0021@example.edu
A0022,2026-07-06,7,7,2240.0,21861.0,1259.0,0,0,0,yes,7 of 7 days,"2,240 AU, 7 of 7 days",Athlete 22,Forwards,a0022@example.edu
A0022,2026-07-13,7,7,1760.0,21786.0,1186.0,0,0,0,yes,7 of 7 days,"1,760 AU, 7 of 7 days",Athlete 22,Forwards,a0022@example.edu
A0022,2026-07-20,7,7,3200.0,36135.0,2215.0,0,0,0,yes,7 of 7 days,"3,200 AU, 7 of 7 days",Athlete 22,Forwards,a0022@example.edu
A0022,2026-07-27,7,7,2590.0,27427.0,1552.0,0,0,0,yes,7 of 7 days,"2,590 AU, 7 of 7 days",Athlete 22,Forwards,a0022@example.edu
A0022,2026-08-03,7,7,2810.0,27760.0,1595.0,0,0,0,yes,7 of 7 days,"2,810 AU, 7 of 7 days",Athlete 22,Forwards,a0022@example.edu
A0022,2026-08-10,7,7,2520.0,28812.0,1848.0,0,0,0,yes,7 of 7 days,"2,520 AU, 7 of 7 days",Athlete 22,Forwards,a0022@example.edu
A0022,2026-08-17,7,7,2854.0,35694.0,2442.0,0,0,0,yes,7 of 7 days,"2,854 AU, 7 of 7 days",Athlete 22,Forwards,a0022@example.edu
A0022,2026-08-24,7,7,2829.0,35167.0,2069.0,0,0,0,yes,7 of 7 days,"2,829 AU, 7 of 7 days",Athlete 22,Forwards,a0022@example.edu
A0022,2026-08-31,7,7,2595.0,32355.0,2155.0,0,0,0,yes,7 of 7 days,"2,595 AU, 7 of 7 days",Athlete 22,Forwards,a0022@example.edu
A0022,2026-09-07,7,7,2940.0,,,1,0,1,yes,7 of 7 days,"2,940 AU, 7 of 7 days",Athlete 22,Forwards,a0022@example.edu
A0022,2026-09-14,7,7,2918.0,37214.0,2481.0,0,0,0,yes,7 of 7 days,"2,918 AU, 7 of 7 days",Athlete 22,Forwards,a0022@example.edu
A0022,2026-09-21,7,7,2925.0,38532.0,2550.0,0,0,0,yes,7 of 7 days,"2,925 AU, 7 of 7 days",Athlete 22,Forwards,a0022@example.edu
A0022,2026-09-28,6,6,3040.0,37935.0,2731.0,0,0,0,no,6 of 7 days,"3,040 AU, 6 of 7 days",Athlete 22,Forwards,a0022@example.edu
A0023,2026-07-06,7,6,1670.0,21026.0,1230.0,0,0,0,no,6 of 7 days,"1,670 AU, 6 of 7 days",Athlete 23,Forwards,a0023@example.edu
A0023,2026-07-13,7,7,1860.0,20887.0,1332.0,0,0,0,yes,7 of 7 days,"1,860 AU, 7 of 7 days",Athlete 23,Forwards,a0023@example.edu
A0023,2026-07-20,7,7,3020.0,33835.0,2193.0,0,0,0,yes,7 of 7 days,"3,020 AU, 7 of 7 days",Athlete 23,Forwards,a0023@example.edu
A0023,2026-07-27,7,7,2340.0,26187.0,1691.0,0,0,0,yes,7 of 7 days,"2,340 AU, 7 of 7 days",Athlete 23,Forwards,a0023@example.edu
A0023,2026-08-03,7,7,2570.0,25674.0,1518.0,0,0,0,yes,7 of 7 days,"2,570 AU, 7 of 7 days",Athlete 23,Forwards,a0023@example.edu
A0023,2026-08-10,7,7,2620.0,26683.0,1681.0,0,0,0,yes,7 of 7 days,"2,620 AU, 7 of 7 days",Athlete 23,Forwards,a0023@example.edu
A0023,2026-08-17,7,7,2859.0,28892.0,2104.0,0,0,1,yes,7 of 7 days,"2,859 AU, 7 of 7 days",Athlete 23,Forwards,a0023@example.edu
A0023,2026-08-24,7,7,2906.0,34563.0,2353.0,0,0,0,yes,7 of 7 days,"2,906 AU, 7 of 7 days",Athlete 23,Forwards,a0023@example.edu
A0023,2026-08-31,7,7,2949.0,33348.0,2308.0,0,0,0,yes,7 of 7 days,"2,949 AU, 7 of 7 days",Athlete 23,Forwards,a0023@example.edu
A0023,2026-09-07,7,7,3206.0,32918.0,2495.0,0,0,0,yes,7 of 7 days,"3,206 AU, 7 of 7 days",Athlete 23,Forwards,a0023@example.edu
A0023,2026-09-14,7,7,3104.0,33921.0,2428.0,0,0,0,yes,7 of 7 days,"3,104 AU, 7 of 7 days",Athlete 23,Forwards,a0023@example.edu
A0023,2026-09-21,7,7,3110.0,36963.0,2807.0,0,0,0,yes,7 of 7 days,"3,110 AU, 7 of 7 days",Athlete 23,Forwards,a0023@example.edu
A0023,2026-09-28,6,6,3036.0,35578.0,2229.0,0,0,0,no,6 of 7 days,"3,036 AU, 6 of 7 days",Athlete 23,Forwards,a0023@example.edu
A0024,2026-07-06,7,7,2130.0,,,2,0,0,yes,7 of 7 days,"2,130 AU, 7 of 7 days",Athlete 24,Forwards,a0024@example.edu
A0024,2026-07-13,7,7,1950.0,23506.0,1439.0,0,0,0,yes,7 of 7 days,"1,950 AU, 7 of 7 days",Athlete 24,Forwards,a0024@example.edu
A0024,2026-07-20,7,7,3280.0,37027.0,2531.0,0,0,0,yes,7 of 7 days,"3,280 AU, 7 of 7 days",Athlete 24,Forwards,a0024@example.edu
A0024,2026-07-27,7,7,2480.0,28604.0,1756.0,0,0,0,yes,7 of 7 days,"2,480 AU, 7 of 7 days",Athlete 24,Forwards,a0024@example.edu
A0024,2026-08-03,7,7,2470.0,29549.0,1854.0,0,0,0,yes,7 of 7 days,"2,470 AU, 7 of 7 days",Athlete 24,Forwards,a0024@example.edu
A0024,2026-08-10,7,7,2510.0,27649.0,1738.0,0,0,0,yes,7 of 7 days,"2,510 AU, 7 of 7 days",Athlete 24,Forwards,a0024@example.edu
A0024,2026-08-17,7,7,2833.0,33785.0,2091.0,0,0,0,yes,7 of 7 days,"2,833 AU, 7 of 7 days",Athlete 24,Forwards,a0024@example.edu
A0024,2026-08-24,7,7,2868.0,39122.0,2685.0,0,0,0,yes,7 of 7 days,"2,868 AU, 7 of 7 days",Athlete 24,Forwards,a0024@example.edu
A0024,2026-08-31,7,7,2860.0,,,1,0,0,yes,7 of 7 days,"2,860 AU, 7 of 7 days",Athlete 24,Forwards,a0024@example.edu
A0024,2026-09-07,7,7,2746.0,36671.0,2266.0,0,0,0,yes,7 of 7 days,"2,746 AU, 7 of 7 days",Athlete 24,Forwards,a0024@example.edu
A0024,2026-09-14,7,7,3100.0,38553.0,2795.0,0,0,0,yes,7 of 7 days,"3,100 AU, 7 of 7 days",Athlete 24,Forwards,a0024@example.edu
A0024,2026-09-21,7,7,3044.0,33599.0,2254.0,0,0,0,yes,7 of 7 days,"3,044 AU, 7 of 7 days",Athlete 24,Forwards,a0024@example.edu
A0024,2026-09-28,6,6,2355.0,23939.0,1435.0,0,0,2,no,6 of 7 days,"2,355 AU, 6 of 7 days",Athlete 24,Forwards,a0024@example.edu
A0025,2026-07-06,7,7,1970.0,20613.0,1081.0,0,0,0,yes,7 of 7 days,"1,970 AU, 7 of 7 days",Athlete 25,Forwards,a0025@example.edu
A0025,2026-07-13,7,7,1860.0,22530.0,1319.0,0,0,0,yes,7 of 7 days,"1,860 AU, 7 of 7 days",Athlete 25,Forwards,a0025@example.edu
A0025,2026-07-20,7,7,3130.0,35537.0,2202.0,0,0,0,yes,7 of 7 days,"3,130 AU, 7 of 7 days",Athlete 25,Forwards,a0025@example.edu
A0025,2026-07-27,7,7,2690.0,29663.0,1748.0,0,0,0,yes,7 of 7 days,"2,690 AU, 7 of 7 days",Athlete 25,Forwards,a0025@example.edu
A0025,2026-08-03,7,7,2570.0,28829.0,1625.0,0,0,0,yes,7 of 7 days,"2,570 AU, 7 of 7 days",Athlete 25,Forwards,a0025@example.edu
A0025,2026-08-10,7,7,2430.0,27682.0,1547.0,0,0,0,yes,7 of 7 days,"2,430 AU, 7 of 7 days",Athlete 25,Forwards,a0025@example.edu
A0025,2026-08-17,7,7,2838.0,36752.0,2728.0,0,0,0,yes,7 of 7 days,"2,838 AU, 7 of 7 days",Athlete 25,Forwards,a0025@example.edu
A0025,2026-08-24,7,7,2764.0,39114.0,2562.0,0,0,0,yes,7 of 7 days,"2,764 AU, 7 of 7 days",Athlete 25,Forwards,a0025@example.edu
A0025,2026-08-31,7,7,3065.0,35573.0,2269.0,0,0,0,yes,7 of 7 days,"3,065 AU, 7 of 7 days",Athlete 25,Forwards,a0025@example.edu
A0025,2026-09-07,7,7,2863.0,33190.0,2071.0,0,0,1,yes,7 of 7 days,"2,863 AU, 7 of 7 days",Athlete 25,Forwards,a0025@example.edu
A0025,2026-09-14,7,7,3044.0,37455.0,2468.0,0,0,0,yes,7 of 7 days,"3,044 AU, 7 of 7 days",Athlete 25,Forwards,a0025@example.edu
A0025,2026-09-21,7,7,2904.0,33046.0,2175.0,0,0,0,yes,7 of 7 days,"2,904 AU, 7 of 7 days",Athlete 25,Forwards,a0025@example.edu
A0025,2026-09-28,6,6,2870.0,36497.0,2497.0,0,0,1,no,6 of 7 days,"2,870 AU, 6 of 7 days",Athlete 25,Forwards,a0025@example.edu
A0026,2026-08-10,7,7,2700.0,12584.0,753.0,0,0,0,yes,7 of 7 days,"2,700 AU, 7 of 7 days",Athlete 26,Goalkeepers,a0026@example.edu
A0026,2026-08-17,7,7,2816.0,15832.0,1097.0,0,0,0,yes,7 of 7 days,"2,816 AU, 7 of 7 days",Athlete 26,Goalkeepers,a0026@example.edu
A0026,2026-08-24,7,7,3096.0,15206.0,1150.0,0,0,0,yes,7 of 7 days,"3,096 AU, 7 of 7 days",Athlete 26,Goalkeepers,a0026@example.edu
A0026,2026-08-31,7,7,2959.0,16603.0,1070.0,0,0,0,yes,7 of 7 days,"2,959 AU, 7 of 7 days",Athlete 26,Goalkeepers,a0026@example.edu
A0026,2026-09-07,7,7,2948.0,,,1,0,0,yes,7 of 7 days,"2,948 AU, 7 of 7 days",Athlete 26,Goalkeepers,a0026@example.edu
A0026,2026-09-14,7,7,3094.0,16487.0,1221.0,0,0,0,yes,7 of 7 days,"3,094 AU, 7 of 7 days",Athlete 26,Goalkeepers,a0026@example.edu
A0026,2026-09-21,7,7,2788.0,15211.0,1049.0,0,0,0,yes,7 of 7 days,"2,788 AU, 7 of 7 days",Athlete 26,Goalkeepers,a0026@example.edu
A0026,2026-09-28,6,5,2160.0,15599.0,1082.0,0,0,0,no,5 of 7 days,"2,160 AU, 5 of 7 days",Athlete 26,Goalkeepers,a0026@example.edu
A0027,2026-07-06,7,7,1970.0,9840.0,602.0,0,0,0,yes,7 of 7 days,"1,970 AU, 7 of 7 days",Athlete 27,Goalkeepers,a0027@example.edu
A0027,2026-07-13,7,7,1780.0,10058.0,644.0,0,0,0,yes,7 of 7 days,"1,780 AU, 7 of 7 days",Athlete 27,Goalkeepers,a0027@example.edu
A0027,2026-07-20,7,7,3400.0,15635.0,888.0,0,0,0,yes,7 of 7 days,"3,400 AU, 7 of 7 days",Athlete 27,Goalkeepers,a0027@example.edu
A0027,2026-07-27,7,7,2670.0,13198.0,773.0,0,0,0,yes,7 of 7 days,"2,670 AU, 7 of 7 days",Athlete 27,Goalkeepers,a0027@example.edu
A0027,2026-08-03,7,7,2370.0,12230.0,748.0,0,0,0,yes,7 of 7 days,"2,370 AU, 7 of 7 days",Athlete 27,Goalkeepers,a0027@example.edu
A0027,2026-08-10,7,7,2690.0,12807.0,667.0,0,0,0,yes,7 of 7 days,"2,690 AU, 7 of 7 days",Athlete 27,Goalkeepers,a0027@example.edu
A0027,2026-08-17,7,7,2510.0,12318.0,728.0,0,0,0,yes,7 of 7 days,"2,510 AU, 7 of 7 days",Athlete 27,Goalkeepers,a0027@example.edu
A0027,2026-08-24,7,7,2430.0,12359.0,831.0,0,0,0,yes,7 of 7 days,"2,430 AU, 7 of 7 days",Athlete 27,Goalkeepers,a0027@example.edu
A0027,2026-08-31,7,7,2480.0,12599.0,775.0,0,0,0,yes,7 of 7 days,"2,480 AU, 7 of 7 days",Athlete 27,Goalkeepers,a0027@example.edu
A0027,2026-09-07,7,7,2670.0,12014.0,748.0,0,0,0,yes,7 of 7 days,"2,670 AU, 7 of 7 days",Athlete 27,Goalkeepers,a0027@example.edu
A0027,2026-09-14,7,7,2290.0,12922.0,881.0,0,0,0,yes,7 of 7 days,"2,290 AU, 7 of 7 days",Athlete 27,Goalkeepers,a0027@example.edu
A0027,2026-09-21,7,6,1520.0,12779.0,797.0,0,0,0,no,6 of 7 days,"1,520 AU, 6 of 7 days",Athlete 27,Goalkeepers,a0027@example.edu
A0027,2026-09-28,6,6,2380.0,12441.0,702.0,0,0,0,no,6 of 7 days,"2,380 AU, 6 of 7 days",Athlete 27,Goalkeepers,a0027@example.edu
A0028,2026-07-06,7,7,1600.0,9319.0,571.0,0,0,0,yes,7 of 7 days,"1,600 AU, 7 of 7 days",Athlete 28,Goalkeepers,a0028@example.edu
A0028,2026-07-13,7,7,2150.0,9660.0,585.0,0,0,0,yes,7 of 7 days,"2,150 AU, 7 of 7 days",Athlete 28,Goalkeepers,a0028@example.edu
A0028,2026-07-20,7,7,2930.0,16524.0,962.0,0,0,0,yes,7 of 7 days,"2,930 AU, 7 of 7 days",Athlete 28,Goalkeepers,a0028@example.edu
A0028,2026-07-27,7,7,2410.0,13362.0,877.0,0,0,0,yes,7 of 7 days,"2,410 AU, 7 of 7 days",Athlete 28,Goalkeepers,a0028@example.edu
A0028,2026-08-03,7,7,2480.0,13675.0,877.0,0,0,0,yes,7 of 7 days,"2,480 AU, 7 of 7 days",Athlete 28,Goalkeepers,a0028@example.edu
A0028,2026-08-10,7,7,2560.0,12996.0,713.0,0,0,0,yes,7 of 7 days,"2,560 AU, 7 of 7 days",Athlete 28,Goalkeepers,a0028@example.edu
A0028,2026-08-17,7,7,3220.0,18018.0,1055.0,0,0,0,yes,7 of 7 days,"3,220 AU, 7 of 7 days",Athlete 28,Goalkeepers,a0028@example.edu
A0028,2026-08-24,7,7,3420.0,16489.0,1069.0,0,0,0,yes,7 of 7 days,"3,420 AU, 7 of 7 days",Athlete 28,Goalkeepers,a0028@example.edu
A0028,2026-08-31,7,7,2870.0,17366.0,1217.0,0,0,0,yes,7 of 7 days,"2,870 AU, 7 of 7 days",Athlete 28,Goalkeepers,a0028@example.edu
A0028,2026-09-07,7,7,3250.0,16877.0,1181.0,0,0,0,yes,7 of 7 days,"3,250 AU, 7 of 7 days",Athlete 28,Goalkeepers,a0028@example.edu
A0028,2026-09-14,7,7,3210.0,16352.0,1050.0,0,0,0,yes,7 of 7 days,"3,210 AU, 7 of 7 days",Athlete 28,Goalkeepers,a0028@example.edu
A0028,2026-09-21,7,7,3300.0,16077.0,1193.0,0,0,0,yes,7 of 7 days,"3,300 AU, 7 of 7 days",Athlete 28,Goalkeepers,a0028@example.edu
A0028,2026-09-28,6,6,3320.0,17030.0,1218.0,0,0,0,no,6 of 7 days,"3,320 AU, 6 of 7 days",Athlete 28,Goalkeepers,a0028@example.edu
